OverallQual,YearBuilt,TotalBsmtSF,1stFlrSF,GrLivArea,FullBath,GarageCars,SalePrice
7,2003,856,856,1710,2,2,208500
6,1976,1262,1262,1262,2,2,181500
7,2001,920,920,1786,2,2,223500
7,1915,756,961,1717,1,3,140000
8,2000,1145,1145,2198,2,3,250000
5,1993,796,796,1362,1,2,143000
8,2004,1686,1694,1694,2,2,307000
7,1973,1107,1107,2090,2,2,200000
7,1931,952,1022,1774,2,2,129900
5,1939,991,1077,1077,1,1,118000
5,1965,1040,1040,1040,1,1,129500
9,2005,1175,1182,2324,3,3,345000
5,1962,912,912,912,1,1,144000
7,2006,1494,1494,1494,2,3,279500
6,1960,1253,1253,1253,1,1,157000
7,1929,832,854,854,1,2,132000
6,1970,1004,1004,1004,1,2,149000
4,1967,0,1296,1296,2,2,90000
5,2004,1114,1114,1114,1,2,159000
5,1958,1029,1339,1339,1,1,139000
8,2005,1158,1158,2376,3,3,325300
7,1930,637,1108,1108,1,1,139400
8,2002,1777,1795,1795,2,2,230000
5,1976,1040,1060,1060,1,2,129900
5,1968,1060,1060,1060,1,1,154000
8,2007,1566,1600,1600,2,3,256300
5,1951,900,900,900,1,2,134800
8,2007,1704,1704,1704,2,3,306000
5,1957,1484,1600,1600,1,1,207500
4,1927,520,520,520,1,1,68500
4,1920,649,649,1317,1,1,40000
5,1966,1228,1228,1228,1,1,149350
8,2007,1234,1234,1234,2,2,179900
5,1959,1398,1700,1700,1,2,165500
9,2005,1561,1561,1561,2,2,277500
8,2004,1117,1132,2452,3,3,309000
5,1994,1097,1097,1097,1,2,145000
5,1954,1297,1297,1297,1,2,153000
5,1953,1057,1057,1057,1,1,109000
4,1955,0,1152,1152,2,0,82000
6,1965,1088,1324,1324,2,2,160000
5,1959,1350,1328,1328,1,1,170000
5,1983,840,884,884,1,2,144000
5,1975,938,938,938,1,1,130250
5,1959,1150,1150,1150,1,1,141000
9,2005,1752,1752,1752,2,2,319900
7,2003,1434,1518,2149,1,2,239686
8,2006,1656,1656,1656,2,3,249700
4,1920,736,736,1452,2,0,113000
5,1966,955,955,955,1,1,127000
6,1997,794,794,1470,2,2,177000
6,1934,816,816,1176,1,2,114500
5,1963,816,816,816,1,2,110000
9,1981,1842,1842,1842,0,3,385000
5,1955,384,1360,1360,1,2,130000
6,1964,1425,1425,1425,2,2,180500
8,1999,970,983,1739,2,2,172500
7,2004,860,860,1720,2,2,196500
10,2006,1410,1426,2945,3,3,438780
5,1972,780,780,780,1,1,124900
6,2004,1158,1158,1158,1,2,158000
5,1920,530,581,1111,1,1,101000
8,2006,1370,1370,1370,2,2,202500
7,1921,576,902,1710,2,2,140000
7,1997,1057,1057,2034,2,2,219500
8,2004,1143,1143,2473,2,3,317000
7,1970,1947,2207,2207,2,2,180000
7,2003,1453,1479,1479,2,2,226000
4,1945,747,747,747,1,1,80000
7,1953,1304,1304,2287,2,2,225000
7,1973,2223,2223,2223,2,2,244000
4,1982,845,845,845,1,2,129500
7,1998,832,885,1718,2,2,185000
5,1954,1086,1086,1086,1,2,144900
3,1915,840,840,1605,2,1,107400
4,1973,462,526,988,1,1,91000
4,1956,952,952,952,1,1,135750
5,1948,672,1072,1285,1,1,127000
4,1968,1768,1768,1768,2,0,136500
5,1910,440,682,1230,1,2,110000
6,1968,896,1182,2142,2,1,193500
6,1998,1237,1337,1337,2,2,153500
8,2007,1563,1563,1563,2,3,245000
5,1960,1065,1065,1065,1,2,126500
7,1995,384,804,1474,2,2,168500
8,1991,1288,1301,2417,2,2,260000
6,2005,684,684,1560,2,2,174000
6,2009,612,612,1224,2,2,164500
3,1915,1013,1013,1526,1,0,85000
4,1994,990,990,990,1,0,123600
4,1950,0,1040,1040,1,2,109900
5,1961,1235,1235,1235,1,2,98600
5,1921,876,964,964,1,2,163500
6,1910,1214,1260,2291,2,2,133900
6,1997,824,905,1786,2,2,204750
6,1993,680,680,1470,2,2,185000
7,1999,1588,1588,1588,2,2,214000
4,1965,960,960,960,1,1,94750
5,1920,458,835,835,1,1,83000
4,1959,950,1225,1225,1,0,128950
6,1977,1610,1610,1610,2,2,205000
6,1985,741,977,1732,2,2,178000
5,1979,0,1535,1535,2,2,118964
7,2009,1226,1226,1226,2,3,198900
7,1931,1040,1226,1818,1,1,169500
8,2003,1053,1053,1992,2,2,250000
4,1885,641,1047,1047,1,1,100000
5,1948,789,789,789,1,1,115000
5,1919,793,997,1517,2,0,115000
6,1977,1844,1844,1844,2,2,190000
6,1954,994,1216,1855,2,1,136900
7,2000,384,774,1430,2,2,180000
7,2007,1264,1282,2696,2,3,383970
6,1953,1809,2259,2259,2,2,217000
6,1945,1028,1436,2320,2,1,259500
6,1999,729,729,1458,2,2,176000
5,1962,1092,1092,1092,1,1,139000
5,2006,1125,1125,1125,1,2,155000
7,1990,1673,1699,3222,3,3,320000
6,2005,728,728,1456,2,2,163990
6,1969,938,988,988,1,2,180000
4,1939,732,772,1123,1,1,100000
6,1958,1080,1080,1080,1,1,136000
6,1993,1199,1199,1199,2,2,153900
6,1979,1362,1586,1586,2,2,181000
6,1935,520,520,754,1,0,84500
6,1976,1078,958,958,2,2,128000
5,1930,672,840,840,1,0,87000
6,1966,660,660,1348,1,2,155000
5,1958,1008,1053,1053,1,2,150000
7,1966,924,1216,2157,2,2,226000
6,2000,992,1022,2054,2,2,244000
5,1959,1063,1327,1327,1,2,150750
8,2001,1267,1296,1296,2,2,220000
5,1968,1461,1721,1721,2,2,180000
7,1970,1304,1682,1682,2,2,174000
5,1967,1214,1214,1214,2,1,143000
7,1988,1907,1959,1959,3,3,171000
8,1999,1004,1004,1852,2,3,230000
6,1997,928,928,1764,2,2,231500
4,1971,864,864,864,1,0,115000
7,2005,1734,1734,1734,2,2,260000
5,1952,910,910,1385,2,2,166000
7,1999,1490,1501,1501,2,2,204000
5,1963,1728,1728,1728,2,2,125000
6,2004,970,970,1709,2,2,130000
5,1931,715,875,875,1,1,105000
7,2001,884,884,2035,2,2,222500
7,2004,1080,1080,1080,1,0,141000
5,1936,896,896,1344,1,1,115000
5,1975,969,969,969,1,2,122000
8,2007,1710,1710,1710,2,3,372402
6,1971,825,1097,1993,2,2,190000
6,1960,1602,1252,1252,1,2,235000
6,1923,1200,1200,1200,1,1,125000
6,1924,572,572,1096,1,0,79000
5,1950,0,1040,1040,1,2,109500
8,2009,774,774,1968,2,3,269500
7,2004,991,991,1947,2,2,254900
7,2005,1392,1392,2462,2,2,320000
6,1984,1232,1232,1232,2,2,162500
9,2003,1572,1572,2668,2,3,412500
7,2005,1541,1541,1541,2,2,220000
4,1956,882,882,882,1,0,103200
6,1926,1149,1149,1616,2,1,152000
5,1940,644,808,1355,2,0,127500
5,1955,1617,1867,1867,1,1,190000
8,2007,1582,1610,2161,1,3,325624
7,2004,840,840,1720,2,2,183500
8,1981,1686,1707,1707,2,2,228000
5,1941,720,854,1382,1,2,128500
6,1960,1080,1656,1656,1,2,215000
7,1987,1064,1064,1767,2,2,239000
6,1961,1362,1362,1362,1,2,163000
6,1986,1606,1651,1651,2,2,184000
6,1950,1202,2158,2158,2,2,243000
6,1988,1151,1164,2060,2,2,211000
5,1958,1052,1252,1920,2,2,172500
9,2008,2216,2234,2234,2,3,501837
5,1923,968,968,968,1,2,100000
6,2000,756,769,1525,2,2,177000
7,1920,793,901,1802,1,1,200100
5,1957,0,1340,1340,1,1,120000
7,2003,1362,1362,2082,2,2,200000
5,1908,504,936,1252,1,2,127000
10,1892,1107,1518,3608,2,3,475000
7,1990,1188,1217,1217,2,2,173000
5,1916,660,808,1656,2,1,135000
5,1979,1086,1224,1224,0,2,153337
8,2001,1593,1593,1593,1,2,286000
8,1932,853,1549,2727,2,2,315000
7,1972,725,725,1479,1,2,184000
7,1999,1431,1431,1431,2,2,192000
7,2004,970,970,1709,2,2,130000
5,1972,864,864,864,1,1,127000
6,1976,855,855,1456,2,2,148500
7,2007,1726,1726,1726,2,3,311872
8,1918,1360,1360,3112,2,2,235000
6,1912,755,929,2229,1,0,104000
8,2004,1713,1713,1713,2,3,274900
4,2003,1121,1121,1121,2,2,140000
6,1977,1196,1279,1279,2,2,171500
6,1924,617,865,1310,2,1,112000
6,2004,848,848,848,1,2,149000
5,1947,720,720,1284,1,1,110000
7,1990,1424,1442,1442,2,2,180500
5,1962,1140,1696,1696,1,1,143900
4,1960,1100,1100,1100,1,1,141000
7,1988,1157,1180,2062,2,2,277000
6,1964,1092,1092,1092,1,2,145000
5,1925,864,864,864,1,0,98000
6,2009,1212,1212,1212,2,2,186000
7,2009,900,932,1852,2,2,252678
5,1995,990,990,990,1,2,156000
6,1977,689,689,1392,1,1,161750
5,1957,1070,1236,1236,1,1,134450
7,2004,1436,1436,1436,2,2,210000
4,1925,686,810,1328,1,1,107000
7,1939,798,1137,1954,1,2,311500
7,2005,1248,1248,1248,2,2,167240
7,2006,1498,1498,1498,2,2,204900
6,2002,1010,1010,2267,2,2,200000
6,1975,713,811,1552,2,2,179900
4,1971,864,864,864,1,2,97000
10,2003,2392,2392,2392,2,3,386250
5,1971,630,630,1302,2,1,112000
7,1995,1203,1214,2520,2,3,290000
6,1970,483,483,987,1,1,106000
5,1967,912,912,912,1,1,125000
7,2005,1373,1555,1555,2,2,192500
6,1959,1194,1194,1194,1,1,148000
8,1995,1462,1490,2794,2,3,403000
6,1972,483,483,987,1,1,94500
5,1976,894,894,894,1,1,128200
6,2002,860,860,1960,2,2,216500
6,1971,483,483,987,1,1,89500
7,2004,1414,1414,1414,2,2,185500
7,1993,996,1014,1744,2,2,194500
8,2007,1694,1694,1694,2,3,318000
6,1945,735,798,1487,1,1,113000
8,2008,1566,1566,1566,2,2,262500
5,1945,686,866,866,1,0,110500
5,1900,540,889,1440,1,1,79000
6,1980,626,626,1217,1,1,120000
7,1994,948,1222,2110,2,2,205000
7,1988,1845,1872,1872,2,2,241500
6,1910,1020,908,1928,2,1,137000
6,1954,1367,1375,1375,1,2,140000
7,2003,840,840,1668,2,2,180000
6,1958,1444,1444,2144,2,2,277000
3,1940,728,1306,1306,1,0,76500
8,2006,1573,1625,1625,2,2,235000
6,2004,798,798,1640,2,2,173000
6,1964,1302,1302,1302,2,1,158000
5,1957,1314,1314,1314,1,1,145000
7,1999,975,1005,2291,2,2,230000
6,2003,864,864,1728,2,2,207500
7,2006,1604,1604,1604,2,2,220000
7,2001,963,963,1792,2,2,231500
5,1956,0,882,882,1,1,97000
6,1962,1362,1382,1382,1,2,176000
8,2007,1482,1482,2574,2,3,276000
6,1977,506,1212,1212,1,2,151000
5,1929,926,926,1316,1,2,130000
5,1925,680,764,764,1,2,73000
6,1981,1422,1422,1422,2,2,175500
6,1997,802,802,1511,2,2,185000
5,1939,720,1052,2192,2,1,179500
5,1940,740,778,778,1,1,120500
6,1976,1143,1113,1113,1,1,148000
8,2006,1095,1095,1939,2,3,266000
7,1954,1385,1363,1363,1,2,241500
8,1999,1152,1164,2270,2,3,290000
6,1958,1240,1632,1632,2,1,139000
5,1982,816,816,816,1,1,124500
7,1925,952,952,1548,2,2,205000
7,2003,1560,1560,1560,2,2,201000
4,1951,864,864,864,1,2,141000
9,2006,2121,2121,2121,2,3,415298
7,1977,1160,1156,2022,2,2,192000
7,1989,807,1175,1982,2,2,228500
6,2006,1262,1262,1262,2,2,185000
7,2007,1314,1314,1314,2,2,207500
8,2008,1468,1468,1468,2,3,244600
6,1992,1575,1575,1575,2,2,179200
7,2006,625,625,1250,2,2,164700
6,1962,912,1085,1734,1,2,159000
4,1971,858,858,858,1,0,88000
5,1967,882,900,900,1,1,122000
6,1915,698,698,1396,1,1,153575
8,2006,1079,1079,1919,2,2,233230
5,1912,780,936,1716,2,0,135900
5,1949,768,1148,1716,1,1,131000
7,1977,795,1468,2263,2,2,235000
6,1953,1416,1644,1644,1,2,167000
6,1984,1003,1003,1003,1,2,142500
5,1950,910,910,1558,1,1,152000
7,1997,975,975,1950,2,2,239000
6,1968,702,1041,1743,1,2,175000
6,1950,1092,1152,1152,1,1,158500
5,1953,1165,1336,1336,1,1,157000
8,1998,1028,1210,2452,2,2,267000
7,2001,1541,1541,1541,2,3,205000
5,1972,894,894,894,1,2,149900
7,1880,1470,1675,3493,3,3,295000
8,2004,2000,2000,2000,2,3,305900
7,1990,700,1122,2243,2,3,225000
6,1920,319,1035,1406,1,0,89500
4,1940,861,861,861,1,2,82500
9,2003,1896,1944,1944,2,3,360000
6,1993,697,697,1501,2,2,165600
6,1948,972,972,972,1,1,132000
5,1939,793,793,1118,1,2,119900
7,1965,2136,2036,2036,2,2,375000
7,1925,728,832,1641,1,2,178000
7,2004,716,716,1432,2,2,188500
7,1980,845,1153,2353,2,2,260000
8,2006,1088,1088,1959,2,3,270000
7,1993,1347,1372,2646,2,3,260000
7,1980,1372,1472,1472,2,2,187500
9,2006,1249,1249,2596,3,3,342643
8,2004,1136,1136,2468,2,3,354000
7,1986,1502,1553,2730,2,2,301000
3,1955,1162,1163,1163,1,1,126175
7,1967,710,1898,2978,2,2,242000
5,1941,720,803,803,1,2,87000
8,1993,1719,1719,1719,1,2,324000
6,1960,1383,1383,1383,1,1,145250
6,1916,844,1445,2134,2,2,214500
5,1920,596,596,1192,1,1,78000
5,1964,1728,1728,1728,2,1,119000
5,1958,1056,1056,1056,1,1,139000
8,2003,3206,1629,1629,2,3,284000
7,2004,1358,1358,1358,2,2,207000
6,1998,943,943,1638,2,2,192000
5,1965,1499,1619,1786,2,2,228950
9,2005,1922,1922,1922,2,3,377426
7,2002,1536,1536,1536,2,2,214000
7,1984,1208,1621,1621,2,2,202500
6,1958,1215,1215,1215,1,1,155000
8,2002,967,993,1908,2,2,202900
4,1950,721,841,841,1,1,82000
3,1949,0,1040,1040,2,2,87500
9,2005,1684,1684,1684,2,2,266000
5,1976,536,536,1112,1,1,85000
6,1939,972,972,1577,1,1,140200
6,1960,958,958,958,1,1,151500
6,1960,1478,1478,1478,2,2,157500
7,2003,764,764,1626,2,2,154000
9,2005,1848,1848,2728,2,3,437154
9,2007,1869,1869,1869,2,2,318061
7,1986,1453,1453,1453,1,2,190000
5,1941,616,616,1111,1,1,95000
6,1928,624,720,720,1,2,105900
6,1940,940,1192,1595,1,1,140000
6,1995,1200,1200,1200,2,2,177500
6,1992,1158,1167,1167,2,2,173000
5,1976,1142,1142,1142,1,2,134000
5,1958,1062,1352,1352,1,1,130000
8,1998,1086,1086,1924,2,2,280000
6,1978,888,912,912,1,2,156000
5,1940,883,988,1505,1,1,145000
7,2003,0,495,1922,3,2,198500
6,1972,483,483,987,1,1,118000
6,1976,796,790,1574,2,2,190000
5,1920,672,672,1344,1,1,147000
6,1963,1394,1394,1394,1,2,159000
6,1962,1099,1431,1431,1,1,165000
5,1954,1268,1268,1268,1,1,132000
5,1959,1063,1287,1287,1,2,162000
6,2000,953,953,1664,2,2,172400
4,1959,0,1120,1588,2,2,134432
6,1984,744,752,752,1,1,125000
5,1953,608,1319,1319,1,1,123000
7,2003,847,847,1928,2,2,219500
1,1922,683,904,904,0,0,61000
5,1996,870,914,914,1,2,148000
8,2004,1580,1580,2466,3,2,340000
9,2010,1856,1856,1856,1,3,394432
6,2000,982,1007,1800,2,2,179000
5,1924,1026,1026,1691,2,1,127000
7,2006,1293,1301,1301,2,2,187750
7,2006,939,939,1797,2,2,213500
6,1928,784,784,784,1,2,76000
6,1992,1580,1079,1953,2,2,240000
8,2004,1256,1269,1269,2,2,192000
5,1910,658,658,1184,1,0,81000
6,1976,1041,1125,1125,1,1,125000
7,1999,1468,1479,1479,2,2,191000
10,2007,1682,1742,2332,2,3,426000
5,1900,861,961,1367,1,1,119000
6,2001,804,804,1961,2,2,215000
5,1959,0,882,882,1,1,106500
4,1941,788,788,788,1,0,100000
5,1940,735,735,1034,1,1,109000
5,1956,1144,1144,1144,1,1,129000
5,1972,894,894,894,1,2,123000
5,1962,864,876,1812,2,1,169500
5,1920,961,1077,1077,1,1,67000
7,2006,1092,1112,1550,2,2,241000
8,1996,1260,1288,1288,1,2,245500
7,2005,1310,1310,1310,2,2,164990
5,1940,672,672,672,1,1,108000
8,1998,1141,1165,2263,2,2,258000
6,1995,806,806,1572,2,2,168000
4,1976,1281,1620,1620,2,2,150000
6,1936,1064,1166,1639,1,1,115000
6,1915,840,840,1680,2,1,177000
7,2006,1063,1071,2172,2,3,280000
8,2007,1034,1050,2078,2,3,339750
5,1958,1276,1276,1276,1,1,60000
5,1955,1056,1056,1056,1,2,145000
7,2009,1470,1478,1478,2,2,222000
5,1927,1008,1028,1028,1,2,115000
7,1993,1080,1080,2097,2,3,228000
7,2007,1340,1340,1340,2,2,181134
6,1978,672,672,1400,1,2,149500
6,1918,1370,1370,2624,2,3,239000
5,1940,756,756,1134,1,1,126000
5,1968,1056,1056,1056,1,1,142000
7,1997,1344,1344,1344,2,4,206300
6,1977,1602,1602,1602,2,2,215000
5,1954,988,988,988,1,2,113000
8,1998,1470,1470,2630,2,3,315000
6,1956,1196,1196,1196,1,1,139000
7,1946,651,707,1389,1,1,135000
7,1989,1518,1644,1644,2,2,275000
4,1957,907,907,907,1,1,109008
7,2007,1208,1208,1208,2,2,195400
6,1988,1392,1412,1412,2,2,175000
6,1971,483,483,987,1,1,85400
6,1920,901,1088,1198,1,0,79900
5,1971,765,765,1365,1,2,122500
6,1997,926,926,1604,2,2,181000
4,1972,630,630,630,1,0,81000
7,1996,799,827,1661,2,2,212000
6,1920,648,734,1118,1,2,116000
6,1926,884,904,904,1,1,119000
5,1913,440,694,694,1,1,90350
6,1920,684,684,1196,1,2,110000
10,2008,3094,2402,2402,2,3,555000
4,1955,1440,1440,1440,2,0,118000
5,1930,1078,1128,1573,2,2,162900
7,2006,1258,1258,1258,2,3,172500
7,1994,915,933,1908,2,2,210000
6,1956,1436,1689,1689,1,2,127500
6,1966,1517,1888,1888,2,2,190000
7,1998,930,956,1886,2,2,199900
6,1937,780,780,1376,2,1,119500
3,1948,649,679,1183,1,1,120000
6,1930,813,813,813,1,1,110000
7,1975,1533,1533,1533,2,2,280000
6,1996,872,888,1756,2,2,204000
8,2008,768,786,1590,2,2,210000
5,1976,1728,1728,1728,2,2,188000
7,1973,1242,1242,1242,1,2,175500
5,1916,624,624,1344,1,3,98000
4,1954,1364,1663,1663,1,2,256000
8,1925,588,833,1666,1,1,161000
5,1950,709,979,1203,1,1,110000
8,2009,832,832,1935,2,2,263435
7,1936,560,575,1135,1,2,155000
5,1965,864,864,864,1,1,62383
6,1934,715,849,1660,1,1,188700
5,1978,1040,1040,1040,2,0,124000
7,2004,1375,1414,1414,2,2,178740
7,1970,1277,1277,1277,1,2,167000
5,1942,728,888,1644,1,1,146500
8,2006,1626,1634,1634,2,3,250000
6,1993,832,832,1710,2,2,187000
8,1985,1488,1502,1502,1,2,212000
7,1977,808,1161,1969,2,2,190000
6,2005,547,1072,1072,1,2,148000
8,2006,1976,1976,1976,2,3,440000
8,2000,1494,1652,1652,2,2,251000
5,1963,970,970,970,1,2,132500
6,1997,1478,1493,1493,2,2,208900
9,2006,2153,2069,2643,2,3,380000
8,2007,1705,1718,1718,2,3,297000
4,1937,907,1131,1131,1,2,89471
9,2004,1833,1850,1850,2,3,326000
9,2003,1792,1792,1792,2,3,374000
7,1915,910,916,1826,1,1,155000
6,1998,1216,1216,1216,2,2,164000
5,1962,999,999,999,1,1,132500
5,1950,1113,1113,1113,1,1,147000
5,1965,1073,1073,1073,1,2,156000
5,1971,1484,1484,1484,2,2,175000
5,1900,954,1766,2414,2,2,160000
4,1970,630,630,630,1,1,86000
5,1976,264,616,1304,1,1,115000
6,1941,806,958,1578,1,1,133000
6,2006,728,728,1456,2,2,172785
5,1960,1269,1269,1269,1,1,155000
5,1938,190,886,886,1,1,91300
4,1920,720,720,720,1,0,34900
8,1992,3200,3228,3228,3,2,430000
7,1925,1026,1133,1820,2,1,184000
5,1967,864,899,899,1,1,130000
5,1958,912,912,912,1,1,120000
6,1973,672,672,1218,1,1,113000
7,2005,866,866,1768,2,2,226700
5,1965,1214,1214,1214,1,2,140000
7,1959,1501,1801,1801,2,2,289000
6,1974,855,855,1322,2,2,147000
5,1952,960,960,1960,2,2,124500
8,1993,777,1065,1911,2,2,215000
6,2009,1218,1218,1218,2,2,208300
7,1928,689,689,1378,2,2,161000
5,1959,1041,1041,1041,1,1,124500
5,1951,1008,1363,1363,1,1,164900
7,2005,1368,1368,1368,2,2,202665
5,1958,864,864,864,1,2,129900
6,1983,1084,1080,1080,1,2,134000
5,1926,768,789,789,1,1,96500
10,2009,2006,2020,2020,2,3,402861
6,1972,689,1378,2119,2,2,158000
7,1996,1264,1277,2344,2,3,265000
6,1998,794,882,1796,2,2,211000
7,1926,1276,1276,2080,1,1,234000
4,1900,0,694,1294,2,0,106250
6,1957,1244,1244,1244,1,1,150000
6,1947,1004,1004,1664,2,2,159000
10,2007,3138,3138,4676,3,3,184750
7,1996,1379,1383,2398,2,3,315750
7,2005,1257,1266,1266,2,2,176000
5,1956,928,928,928,1,1,132000
9,2008,1452,1476,2713,2,3,446261
4,1920,528,605,605,1,0,86000
6,1957,2035,2515,2515,3,2,200624
6,1988,1461,1509,1509,2,2,175000
6,1920,611,751,1362,2,2,128000
5,1955,0,827,827,1,1,107500
1,1946,0,334,334,1,0,39300
8,2004,707,707,1414,2,2,178000
5,1910,1117,820,1347,1,0,107500
7,1998,880,880,1724,2,2,188000
4,1972,864,864,864,1,2,111250
5,1968,1051,1159,1159,1,1,158000
8,2001,1581,1601,1601,2,2,272000
9,2006,1838,1838,1838,2,3,315000
8,2000,969,997,2285,2,3,248000
7,1998,1650,1680,1680,2,2,213250
7,1998,723,767,767,1,1,133000
7,2006,654,664,1496,2,2,179665
7,1988,1204,1377,2183,2,3,229000
6,1923,1065,915,1635,1,2,210000
5,1970,768,768,768,1,2,129500
5,1955,825,825,825,1,2,125000
7,2003,912,912,2094,2,2,263000
6,1977,1069,1069,1069,2,2,140000
5,1957,928,928,928,1,1,112500
8,2006,1709,1717,1717,2,3,255500
4,1949,0,1126,1126,2,2,108000
7,2003,998,1006,2046,2,3,284000
5,1922,993,1048,1048,1,1,113000
5,1957,1092,1092,1092,1,1,141000
4,1920,637,897,1336,1,1,108000
7,1996,729,729,1446,2,2,175000
7,2003,1374,1557,1557,2,2,234000
5,1957,1392,1392,1392,1,2,121500
5,1974,1389,1389,1389,1,2,170000
5,1940,996,996,996,1,0,108000
6,1918,1163,1163,1674,2,2,185000
7,1992,1095,1166,2295,2,2,268000
6,1915,806,841,1647,1,1,128000
9,2005,1122,1134,2504,2,3,325000
7,2004,1517,1535,1535,2,2,214000
8,1983,1496,1496,2132,1,2,316600
5,1979,943,943,943,1,2,135960
5,1965,1728,1728,1728,2,2,142600
6,1959,864,864,864,1,1,120000
7,2009,846,846,1692,2,2,224500
7,2000,384,774,1430,2,2,170000
5,1971,372,576,1109,1,1,139000
5,1947,832,832,1216,1,1,118500
7,1928,861,877,1477,2,1,145000
5,1966,1164,1320,1320,1,2,164500
7,2007,689,703,1392,2,2,146000
5,1954,1050,1050,1795,2,1,131500
6,1960,1144,1429,1429,1,2,181900
8,2008,2042,2042,2042,2,3,253293
6,1990,816,816,816,1,0,118500
10,1893,1237,1521,2775,3,2,325000
4,1935,884,989,1573,1,1,133000
8,2005,1868,2028,2028,2,3,369900
6,1918,816,838,838,1,1,130000
5,1982,840,860,860,1,2,137000
5,1968,1437,1473,1473,1,1,143000
5,1930,742,779,935,1,1,79500
7,2004,770,770,1582,2,2,185900
10,2008,1722,1728,2296,2,3,451950
5,1982,816,816,816,1,2,138000
6,2003,848,848,848,1,2,140000
5,1975,924,924,924,1,1,110000
8,2005,1814,1826,1826,2,3,319000
6,1910,684,684,1368,1,1,114504
7,2006,1258,1402,1402,0,3,194201
5,1977,1430,1647,1647,2,2,217500
6,1980,716,716,1556,2,2,151000
8,2005,1058,1058,1904,2,2,275000
6,1937,780,780,1375,1,1,141000
8,1992,908,927,1915,2,2,220000
7,2004,600,600,1200,2,2,151000
7,2002,1494,1494,1494,2,2,221000
7,1965,768,1186,1986,2,2,205000
5,1996,1040,1040,1040,1,2,152000
5,1948,896,1112,2008,3,1,225000
8,1934,965,1940,3194,2,2,359100
4,1961,1029,1029,1029,1,1,118500
9,2000,1440,1476,2153,2,3,313000
6,1978,1032,1032,1032,2,2,148000
8,2001,1299,1299,1872,2,2,261500
5,2007,1120,1120,1120,1,0,147000
4,1972,630,630,630,1,0,75500
6,1963,936,1054,1054,1,2,137500
6,2002,783,807,1509,2,2,183200
6,1954,832,832,832,1,2,105500
9,2007,1822,1828,1828,2,3,314813
8,2003,1482,1482,2262,2,3,305000
3,1914,864,864,864,1,0,67000
6,1974,1522,1548,2614,2,2,240000
5,1977,980,980,980,1,2,135000
6,2000,756,756,1512,2,2,168500
6,1972,732,1012,1790,1,2,165150
6,1962,1116,1116,1116,1,2,160000
5,1960,978,1422,1422,1,1,139900
6,1955,1156,1520,1520,1,1,153000
5,1969,1040,1040,2080,1,2,135000
6,1964,1248,1350,1350,1,2,168500
5,1880,636,1089,1750,1,1,124000
8,2006,1554,1554,1554,2,2,209500
7,1977,1386,1411,1411,2,2,82500
5,1954,1056,1056,1056,1,1,139400
6,1980,1056,1056,1056,0,2,144000
6,1914,1440,1440,3395,2,0,200000
2,1936,264,800,800,1,0,60000
5,1954,811,811,1387,2,1,93000
5,1910,796,796,796,1,0,85000
8,2006,1520,1567,1567,2,3,264561
8,2003,1518,1518,1518,1,2,274000
7,2001,1057,1057,1929,2,2,226000
8,1972,1952,2000,2704,2,2,345000
5,1969,780,780,1620,2,2,152000
9,2009,1766,1766,1766,2,3,370878
6,1971,981,981,981,1,2,143250
5,1950,0,1048,1048,1,2,98300
6,1953,1094,1094,1094,1,2,155000
6,1966,756,1051,1839,1,2,155000
4,1970,630,630,630,1,0,84500
7,2007,813,822,1665,2,2,205950
4,1940,755,755,1510,1,1,108000
7,1996,880,909,1716,2,2,191000
6,1906,756,756,1469,1,1,135000
8,1995,2109,2113,2113,2,3,350000
6,1971,525,525,1092,1,1,88000
5,1959,1053,1053,1053,1,1,145500
7,1931,776,851,1502,1,1,149000
6,1948,912,912,1458,1,1,97500
5,1964,1486,1486,1486,1,2,167000
7,1976,793,1142,1935,2,2,197900
8,1994,1629,1686,2448,2,3,402000
6,1968,1392,1392,1392,1,2,110000
4,1972,1138,1181,1181,2,2,137500
8,2005,2077,2097,2097,1,3,423000
8,2000,1406,1454,1936,2,2,230500
6,1965,1021,1465,2380,2,2,129000
6,1994,1408,1679,1679,2,2,193500
5,1956,1188,1437,1437,1,2,168000
4,1922,700,1180,1180,1,1,137500
6,2005,738,738,1476,2,2,173500
6,1925,672,697,1369,2,1,103600
6,1977,1208,1208,1208,1,2,165000
6,1957,1477,1839,1839,2,2,257500
6,1965,1136,1136,1136,1,1,140000
6,1978,855,855,1441,2,2,148500
4,1900,1095,1095,1774,2,3,87000
5,1924,768,792,792,1,1,109500
8,2008,2046,2046,2046,2,3,372500
5,1961,988,988,988,1,2,128500
6,1980,923,923,923,2,1,143000
5,1932,793,848,1520,1,1,159434
6,1996,1291,1291,1291,1,2,173000
9,2002,1626,1668,1668,2,3,285000
7,1998,1195,1195,1839,2,2,221000
7,1984,1190,1190,2090,2,2,207500
7,2007,874,874,1761,3,2,227875
7,2004,551,551,1102,2,2,148800
8,2007,1419,1419,1419,2,2,392000
6,2005,1362,1362,1362,2,2,194700
6,2004,848,848,848,1,2,141000
10,1994,2444,2444,4316,3,3,755000
7,1989,1210,1238,2519,2,2,335000
5,1921,1073,1073,1073,1,1,108480
5,1936,927,1067,1539,1,2,141500
6,1987,1112,1137,1137,2,2,176000
5,1921,616,616,616,1,1,89000
5,1952,980,1148,1148,1,1,123500
5,1965,894,894,894,1,1,138500
7,2004,1391,1391,1391,2,2,196000
8,2002,1800,1800,1800,2,3,312500
7,1969,1164,1164,1164,1,2,140000
8,2006,1234,1264,2576,2,3,361919
5,1900,360,1032,1812,2,2,140000
7,2004,1473,1484,1484,2,2,213000
4,1930,0,372,1092,2,0,55000
7,1971,1643,1824,1824,2,2,302000
8,2006,1324,1324,1324,2,2,254000
7,2007,728,728,1456,2,2,179540
5,1966,876,904,904,1,1,109900
3,1935,270,729,729,1,0,52000
4,1900,859,859,1178,1,1,102776
8,1988,1228,1228,1228,2,2,189000
4,1970,960,960,960,1,2,129000
6,1976,725,725,1479,2,2,130500
6,1974,1064,1350,1350,2,2,165000
7,1890,718,1576,2554,1,2,159500
5,1973,1176,1178,1178,1,2,157000
7,1993,1311,1325,2418,2,3,341000
5,1969,971,971,971,1,1,128500
8,1985,1742,1742,1742,2,2,275000
6,2004,848,848,848,1,2,143000
4,1970,864,864,864,1,2,124500
4,1954,941,997,1470,2,1,135000
9,2007,1698,1698,1698,2,3,320000
4,1970,864,864,864,1,2,120500
6,1988,880,1680,1680,2,2,222000
7,2007,1232,1232,1232,2,2,194500
5,1958,1584,1776,1776,2,3,110000
4,1925,780,848,1208,1,2,103000
8,1995,1595,1616,1616,2,2,236500
7,2003,868,1146,1146,2,2,187500
7,1998,1153,1153,2031,2,2,222500
5,1961,864,1144,1144,1,1,131400
5,1968,948,948,948,1,1,108000
7,1914,880,880,1768,1,2,163000
3,1950,0,1040,1040,2,2,93500
8,2005,893,901,1801,2,3,239900
5,1987,1200,1200,1200,3,0,179000
7,2004,864,864,1728,2,2,190000
5,1910,264,768,1432,2,2,132000
6,1961,912,912,912,1,1,142000
7,2000,1349,1349,1349,2,2,179000
5,1963,520,1464,1464,2,2,175000
8,1993,1337,1337,1337,2,2,180000
8,1976,1142,1175,2715,3,2,299800
7,2000,952,980,2256,2,2,236000
7,1880,1240,1320,2640,1,4,265979
7,1996,1720,1720,1720,2,2,260400
4,1945,0,1088,1529,2,1,98000
4,1910,576,792,1140,1,0,96500
7,2003,660,660,1320,2,2,162000
6,1997,1479,1494,1494,2,2,217000
8,2005,1030,1038,2098,2,3,275500
6,1969,1026,1026,1026,1,2,156000
6,1999,729,742,1471,2,2,172500
8,2007,866,866,1768,2,2,212000
6,1978,672,672,1386,2,2,158900
7,1999,744,757,1501,2,2,179400
8,1995,1318,1328,2531,2,3,290000
6,1959,864,864,864,1,1,127500
5,1924,1145,1301,1301,1,2,100000
7,2009,756,764,1547,2,2,215200
8,1999,1252,1268,2365,2,3,337000
8,1995,1494,1494,1494,1,2,270000
9,2008,1498,1506,1506,2,2,264132
7,1988,980,980,1714,2,2,196500
6,1940,983,983,1750,2,1,160000
7,2004,1860,1836,1836,2,2,216837
8,2003,1650,1690,3279,3,3,538000
5,1982,858,858,858,1,2,134900
4,1951,836,1220,1220,1,2,102000
6,1976,1029,1117,1117,1,2,107000
5,1958,912,912,912,1,1,114500
8,2006,1935,1973,1973,2,3,395000
6,1998,1204,1204,1204,2,2,162000
7,2005,1614,1614,1614,2,3,221500
5,1974,864,894,894,1,2,142500
5,1977,0,2020,2020,2,2,144000
6,1977,975,1004,1004,1,2,135000
7,1995,1237,1253,1253,2,2,176000
6,1992,761,810,1603,2,2,175900
7,2001,1413,1430,1430,2,2,187100
5,1978,1097,1110,1110,1,2,165500
6,1914,742,742,1484,2,0,128000
6,1967,1372,1342,1342,2,2,161500
5,1915,686,966,1652,2,1,139000
7,2004,956,956,2084,2,2,233000
4,1954,901,901,901,1,1,107900
6,1966,832,976,2087,2,2,187500
7,2005,1145,1145,1145,2,2,160200
6,1976,1029,1062,1062,1,2,146800
7,1996,1117,1127,2013,2,2,269790
8,2007,1496,1496,1496,2,2,225000
7,1994,712,1086,1895,2,2,194500
6,1980,650,888,1564,2,2,171000
6,1977,660,1285,1285,1,2,143500
5,1953,773,773,773,1,1,110000
9,2008,1926,1966,3140,3,3,485000
5,1937,731,981,1768,1,1,175000
6,1997,616,616,1688,2,2,200000
4,1916,1196,1196,1196,1,2,109900
7,2005,728,728,1456,2,2,189000
9,2008,1734,1734,2822,3,3,582933
5,1954,936,1128,1128,1,1,118000
7,2008,1417,1428,1428,2,2,227680
5,1967,980,980,980,2,1,135500
5,1923,1324,1072,1576,1,2,223500
5,1966,1024,1086,1086,1,2,159950
5,1898,849,1075,2138,2,2,106000
6,1974,1040,1309,1309,1,2,181000
6,2004,848,848,848,1,2,144500
5,1952,540,1044,1044,1,2,55993
6,1958,1442,1442,1442,1,1,157900
5,1918,686,686,1250,1,1,116000
7,1998,1649,1661,1661,2,2,224900
5,1954,1008,1008,1008,1,1,137000
8,2002,1568,1689,1689,2,3,271000
6,1971,1010,1052,1052,1,2,155000
7,2009,1358,1358,1358,2,2,224000
7,2003,798,798,1640,2,2,183000
4,1953,936,936,936,1,2,93000
7,2003,847,847,1733,2,2,225000
6,1940,778,944,1489,2,1,139500
8,2006,1489,1489,1489,2,2,232600
10,2007,2078,2084,2084,2,3,385000
5,1924,784,784,784,1,0,109500
7,2001,1454,1434,1434,2,2,189000
5,1967,1013,1160,2126,2,2,185000
7,2005,600,520,1223,2,2,147400
6,1957,1392,1392,1392,1,2,166000
7,2005,600,520,1200,2,2,151000
7,2003,941,941,1829,2,2,237000
6,1964,1516,1516,1516,1,2,167000
5,1961,1144,1144,1144,1,2,139950
4,1950,1067,1067,1067,2,2,128000
5,1948,1559,1559,1559,1,2,153500
6,1973,483,483,987,1,1,100000
5,1995,1099,1099,1099,1,1,144000
5,1946,768,768,1200,1,1,130500
6,1925,672,810,1482,2,1,140000
5,1904,650,958,1539,2,2,157500
6,1966,1127,1165,1165,1,2,174900
5,1961,1800,1800,1800,2,0,141000
5,1915,876,876,1416,1,3,153900
5,1975,1390,1701,1701,2,2,171000
7,1993,740,1006,1775,2,2,213000
5,1972,864,864,864,1,1,133500
6,1908,907,1307,2358,3,2,240000
6,1976,528,1094,1855,2,2,187000
6,2003,848,848,848,1,2,131500
8,2003,1273,1456,1456,2,2,215000
7,1941,918,918,1646,2,1,164000
6,1964,1127,1445,1445,1,2,158000
5,1955,1763,1779,1779,1,2,170000
5,1962,1040,1040,1040,1,1,127000
6,1978,940,1026,1026,1,2,147000
6,1994,702,702,1481,2,2,174000
7,1976,1090,1370,1370,2,2,152000
6,1968,1054,1512,2654,2,2,250000
7,1918,912,912,1426,1,1,189950
5,1965,1039,1039,1039,1,2,131500
6,1984,1040,1097,1097,2,2,152000
5,1959,1148,1148,1148,1,1,132500
7,2007,1372,1372,1372,2,2,250580
5,1970,1002,1002,1002,1,2,148500
8,2006,1638,1646,1646,2,3,248900
4,1961,1040,1120,1120,1,2,129000
5,1948,0,1547,2320,2,2,169000
7,1993,1050,1062,1949,2,2,236000
5,1962,894,894,894,1,1,109500
6,1998,804,804,1682,2,2,200500
5,1953,105,910,910,1,2,116000
5,1949,832,1036,1268,1,1,133000
5,1941,676,676,1131,1,1,66500
8,2007,1184,1184,2610,2,2,303477
4,1963,1064,1040,1040,1,2,132250
9,2004,1462,1462,2224,2,3,350000
5,1961,1109,1155,1155,1,2,148000
5,1978,864,864,864,1,1,136500
5,2005,1090,1090,1090,1,2,157000
7,1990,1156,1187,1717,2,2,187500
6,1992,808,808,1593,2,2,178000
4,1912,795,954,2230,1,1,118500
5,1967,892,892,892,1,1,100000
9,1999,1698,1709,1709,2,2,328900
5,1959,1626,1712,1712,2,2,145000
5,1955,816,872,1393,1,1,135500
8,1970,2217,2217,2217,2,2,268000
6,1953,1505,1505,1505,1,2,149500
5,1949,672,672,924,1,2,122900
6,1978,918,918,1683,2,2,172500
6,1963,1059,1068,1068,1,1,154500
5,1954,1383,1383,1383,1,1,165000
5,1979,0,1535,1535,2,2,118858
6,1963,780,983,1796,1,2,140000
4,1936,951,951,951,1,1,106500
5,1979,0,1120,2240,2,2,142953
9,2009,2330,2364,2364,2,3,611657
5,1961,912,1236,1236,1,1,135000
4,1971,858,858,858,1,1,110000
5,1957,992,1306,1306,1,1,153000
7,2003,783,807,1509,2,2,180000
7,2006,1670,1670,1670,2,3,240000
5,1967,876,902,902,1,1,125500
5,1954,1056,1063,1063,1,1,128000
8,2006,1623,1636,1636,2,3,255000
7,1936,1017,1020,2057,1,1,250000
5,1983,864,902,902,1,2,131000
6,2005,742,742,1484,2,2,174000
5,1960,1105,1105,2274,2,2,154300
5,1977,1268,1268,1268,1,1,143500
5,1925,768,1015,1015,1,1,88000
5,1949,1001,1001,2002,2,3,145000
6,2009,612,612,1224,2,2,173733
4,1970,546,546,1092,1,1,75000
2,1949,480,480,480,0,1,35311
4,1956,1134,1229,1229,1,1,135000
7,1991,1104,912,2127,2,3,238000
6,1958,1184,1414,1414,1,2,176500
6,1994,928,936,1721,2,2,201000
5,1900,1272,1272,2200,2,0,145900
6,2005,1316,1316,1316,2,2,169990
6,1993,1604,1617,1617,2,2,193000
6,1980,1686,1686,1686,2,2,207500
5,1977,1126,1126,1126,2,2,175000
8,2003,1181,1234,2374,2,3,285000
7,1968,832,1098,1978,2,2,176000
8,2001,1753,1788,1788,2,2,236500
7,1997,964,993,2236,2,2,222000
8,2007,1466,1466,1466,2,3,201000
5,1965,925,925,925,1,1,117500
9,2006,1905,1905,1905,2,3,320000
7,2004,1500,1500,1500,2,2,190000
7,1960,585,2069,2069,2,2,242000
4,1926,600,747,747,1,2,79900
7,2003,1176,1200,1200,2,2,184900
7,2005,1113,1113,1971,2,2,253000
7,2006,1391,1391,1962,2,3,239799
7,1940,1032,1207,2403,2,1,244400
6,1976,1728,1728,1728,2,2,150900
7,1999,992,1022,2060,2,2,214000
4,1977,1440,1440,1440,2,0,150000
5,1967,1632,1632,1632,2,2,143000
6,1958,819,1344,1344,1,2,137500
5,1890,1088,1188,1869,1,2,124900
5,1959,1144,1144,1144,1,1,143000
8,2002,1616,1629,1629,2,3,270000
7,2002,936,936,1776,2,2,192500
6,1972,1161,1381,1381,1,2,197500
5,1950,864,864,864,1,2,129000
5,1965,828,965,965,1,1,119900
5,1972,768,768,768,1,1,133900
5,1969,784,1168,1968,2,2,172000
6,1975,945,980,980,2,0,127500
6,1946,979,979,1958,2,2,145000
6,1980,561,561,1229,1,2,124000
5,1962,1057,1057,1057,1,2,132000
7,2003,1337,1337,1337,2,2,185000
7,1999,696,696,1416,2,2,155000
5,1958,858,858,858,1,0,116500
6,1977,1330,1542,2872,2,2,272000
6,1976,804,804,1548,2,2,155000
9,2007,1800,1800,1800,2,2,239000
7,2002,817,824,1894,2,2,214900
6,2005,783,783,1484,2,2,178900
5,1940,728,976,1308,1,1,160000
5,1955,1098,1098,1098,1,1,135000
3,1910,600,600,968,1,0,37900
6,1958,588,1095,1095,1,1,140000
4,1949,720,720,1192,1,0,135000
7,2003,764,764,1626,2,2,173000
6,1979,918,918,918,2,1,99500
7,2007,1428,1428,1428,2,2,182000
7,1910,728,1136,2019,1,2,167500
7,2000,673,673,1382,2,2,165000
4,1923,440,869,869,1,0,85500
7,2006,1241,1241,1241,1,2,199900
4,1954,894,894,894,1,2,110000
5,1963,1121,1121,1121,1,2,139000
7,1961,944,999,999,1,2,178400
8,1998,1225,1276,2612,2,3,336000
7,2007,1266,1266,1266,2,2,159895
8,2002,1128,1149,2290,2,2,255900
5,1977,0,1302,1734,2,2,126000
5,1950,1164,1164,1164,1,1,125000
6,1910,485,1001,1635,1,1,117000
9,2009,1930,1940,1940,2,3,395192
6,1976,848,1118,2030,2,2,195000
7,2006,770,778,1576,2,2,197000
8,1997,1396,1407,2392,2,3,348000
8,1882,916,916,1742,1,2,168000
6,1964,822,1020,1851,2,2,187000
6,2005,750,750,1500,2,2,173900
10,2006,1700,1718,1718,2,3,337500
4,1946,747,774,1230,1,1,121600
5,1961,1050,1050,1050,1,1,136500
6,1970,1442,1442,1442,2,2,185000
3,1922,1007,1077,1077,1,1,91000
7,2006,1187,1208,1208,2,2,206000
3,1952,0,944,944,1,2,82000
5,1920,691,691,691,1,1,86000
8,2006,1574,1574,1574,2,3,232000
5,1976,1680,1680,1680,2,2,136905
7,2005,1346,1504,1504,2,2,181000
5,1977,985,985,985,2,1,149900
6,1970,1657,1657,1657,2,2,163500
4,1970,546,546,1092,1,1,88000
7,2004,1710,1710,1710,2,2,240000
5,1926,1008,1008,1522,2,0,102000
5,1948,720,720,1271,2,1,135000
5,1965,0,1664,1664,2,0,100000
6,1923,602,900,1502,1,1,165000
5,1910,1022,1022,1022,1,1,85000
6,1948,1082,1082,1082,1,1,119200
8,2001,810,810,1665,2,2,227000
7,1996,1504,1504,1504,2,2,203000
8,1984,1220,1360,1360,1,2,187500
7,1991,384,802,1472,2,2,160000
7,2005,1362,1506,1506,2,2,213490
4,2005,1132,1132,1132,1,2,176000
7,2006,1199,1220,1220,2,2,194000
5,1930,912,912,1248,1,1,87000
7,2005,1346,1504,1504,2,2,191000
8,1976,1565,2898,2898,2,2,287000
5,1972,882,882,882,1,2,112500
5,1960,1268,1264,1264,1,2,167500
8,2007,1638,1646,1646,2,3,293077
5,1941,768,968,1376,1,1,105000
6,1972,672,672,1218,1,1,118000
5,1916,686,948,1928,2,0,160000
7,1920,824,1687,3082,2,2,197000
8,1993,1338,1352,2520,2,3,310000
7,2002,1654,1654,1654,2,3,230000
5,1938,920,954,954,1,1,119750
4,1957,0,845,845,1,1,84000
9,2007,1620,1620,1620,2,3,315500
8,2001,1055,1055,2263,2,2,287000
4,1970,546,798,1344,1,0,97000
4,1970,630,630,630,1,1,80000
5,1957,1134,1803,1803,2,2,155000
6,1966,800,800,1632,1,2,173000
6,2005,1306,1306,1306,2,2,196000
7,1990,1475,1532,2329,2,2,262280
8,1981,2524,2524,2524,2,2,278000
3,1955,0,1733,1733,2,2,139600
9,2005,1992,1992,2868,3,3,556581
5,1994,990,990,990,1,2,145000
5,1960,0,1771,1771,1,2,115000
4,1946,0,930,930,1,1,84900
7,2007,1302,1302,1302,2,2,176485
7,2007,1316,1316,1316,2,2,200141
6,1964,816,1127,1977,1,2,165000
5,1957,1216,1526,1526,1,1,144500
8,2002,1065,1091,1989,2,2,255000
6,1976,1193,1523,1523,2,2,180000
7,2005,1364,1364,1364,2,2,185850
7,1994,973,979,1850,2,2,248000
9,2008,1104,1130,2184,2,3,335000
6,1932,854,1096,1991,1,2,220000
8,2001,1338,1338,1338,2,2,213500
3,1935,894,894,894,1,3,81000
5,1900,662,1422,2337,2,2,90000
6,1925,1103,1103,1103,1,2,110500
5,1966,1154,1154,1154,1,2,154000
7,1996,1306,1306,2260,2,2,328000
6,1993,799,799,1571,2,2,178000
6,1964,780,798,1611,1,2,167900
6,1973,942,1291,2521,2,2,151400
5,1949,845,893,893,1,2,135000
5,1956,1048,1048,1048,1,1,135000
6,1968,727,829,1556,1,2,154000
5,1948,810,1002,1456,1,1,91500
6,1977,690,698,1426,1,2,159500
7,2006,1240,1240,1240,2,3,194000
7,1940,800,960,1740,1,1,219500
5,1936,796,1096,1466,2,2,170000
5,1969,1096,1096,1096,1,1,138800
6,2004,848,848,848,1,2,155900
5,1994,990,990,990,1,1,126000
6,1971,1258,1258,1258,2,2,145000
5,1963,1040,1040,1040,1,1,133000
7,2002,1459,1459,1459,2,2,192000
6,1964,1251,1251,1251,1,1,160000
6,1995,691,691,1498,2,2,187500
6,1992,936,996,996,1,2,147000
4,1973,546,546,1092,1,1,83500
8,2005,1082,1082,1953,2,3,252000
7,2004,970,970,1709,2,2,137500
8,2005,1247,1247,1247,1,2,197000
3,1950,0,1040,1040,2,2,92900
7,1999,600,624,1252,2,2,160000
6,1925,1181,1390,1694,2,2,136500
5,1965,864,1200,1200,1,2,146000
5,1956,936,936,936,1,1,129000
6,2006,1314,1314,1314,2,2,176432
6,1914,684,773,1355,1,0,127000
8,1986,1074,1088,1088,1,2,170000
4,1936,672,757,1324,1,1,128000
7,1978,1271,1601,1601,2,2,157000
2,1920,290,438,438,1,1,60000
5,1971,950,950,950,1,1,119500
5,1960,1010,1134,1134,1,1,135000
6,1959,655,1194,1194,1,2,159500
5,1970,630,630,1302,2,2,106000
8,1994,1463,1500,2622,2,2,325000
7,1990,910,1442,1442,2,2,179900
7,2006,868,887,2021,2,2,274725
6,2000,924,948,1690,2,2,181000
8,2004,1836,1836,1836,2,3,280000
6,1995,773,773,1658,2,2,188000
7,1976,803,1098,1964,2,2,205000
5,1957,816,816,816,1,1,129900
5,1953,1008,1008,1008,1,1,134500
5,1954,833,833,833,1,1,117000
8,2007,1734,1734,1734,2,3,318000
8,2002,408,779,1419,2,2,184100
5,1967,894,894,894,1,2,130000
5,1958,533,1021,1601,1,1,140000
5,1959,1040,1040,1040,1,1,133700
6,1920,1012,1012,1012,1,1,118400
7,2005,1552,1552,1552,2,3,212900
4,1956,672,960,960,1,1,112000
5,1947,698,698,698,1,0,118000
7,1992,384,812,1482,2,2,163900
4,1955,1005,1005,1005,1,2,115000
7,2007,1373,1555,1555,2,3,174000
7,2004,1530,1530,1530,2,3,259000
7,2004,847,847,1959,2,2,215000
5,1980,936,936,936,1,2,140000
4,1928,1122,1328,1981,2,2,135000
5,1991,974,974,974,1,0,93500
6,1880,1008,1178,2210,2,1,117500
8,1995,1128,1142,2020,2,2,239500
6,1997,916,916,1600,2,2,169000
6,1926,960,986,986,1,1,102000
6,1950,1032,1032,1252,1,1,119000
5,1875,780,780,1020,1,0,94000
6,1977,1567,1567,1567,2,2,196000
5,1920,915,1167,1167,1,2,144000
5,1951,952,952,952,1,2,139000
5,1976,780,1088,1868,2,2,197500
8,2006,1466,1466,2828,3,3,424870
5,1959,1006,1006,1006,1,0,80000
4,1941,672,672,924,1,1,80000
5,1928,1042,1042,1576,1,1,149000
6,1985,1298,1298,1298,2,2,180000
7,1941,704,860,1564,1,1,174500
7,1926,572,572,1111,1,1,116900
7,1920,650,832,1482,1,2,143000
6,1950,932,932,932,1,1,124000
5,1959,1466,1466,1466,1,2,149900
6,1956,1073,1811,1811,1,2,230000
6,1930,816,816,816,1,1,120500
7,1965,864,902,1820,1,2,201800
5,1976,1437,1437,1437,2,2,218000
5,1965,1219,1265,1265,2,2,179900
7,2007,1314,1314,1314,2,2,230000
8,2007,1580,1580,1580,2,3,235128
6,1974,901,943,1876,2,2,185000
6,1978,855,855,1456,2,2,146000
6,1954,1296,1640,1640,1,2,224000
5,1968,894,894,894,1,2,129000
4,1969,1198,1258,1258,0,2,108959
5,1978,1360,1432,1432,1,2,194000
7,2009,1502,1502,1502,2,2,233170
8,2008,1694,1694,1694,2,3,245350
6,2000,959,959,1671,2,2,173000
6,1935,1127,1236,2108,2,2,235000
10,1995,1930,1831,3627,3,3,625000
6,1977,1096,1118,1118,1,1,171000
6,1958,1261,1261,1261,1,2,163000
7,2006,625,625,1250,2,2,171900
5,1946,1598,1636,3086,3,0,200500
6,1932,952,1170,2345,2,2,239000
8,1992,1683,2129,2872,2,2,285000
5,1984,876,923,923,1,1,119500
6,1926,818,818,1224,1,1,115000
5,1921,731,820,1343,1,1,154900
5,1954,0,1124,1124,1,0,93000
7,1990,1216,1298,2514,2,2,250000
8,2008,1600,1652,1652,2,2,392500
10,1996,2396,2411,4476,3,3,745000
5,1920,1120,1130,1130,1,2,120000
5,1963,1572,1572,1572,1,3,186700
5,1924,784,949,1221,1,1,104900
3,1900,978,1014,1699,2,2,95000
8,1994,1624,1624,1624,2,3,262000
7,2002,831,831,1660,2,2,195000
7,1999,994,1028,1804,2,2,189000
4,1961,1249,1622,1622,1,4,168000
8,1999,776,764,1441,2,2,174000
5,1925,702,842,1472,1,1,125000
6,1999,1224,1224,1224,2,2,165000
6,1969,663,663,1352,1,1,158000
6,2005,728,728,1456,2,2,176000
7,2006,879,879,1863,2,3,219210
7,1916,815,815,1690,1,1,144000
7,2001,1212,1212,1212,2,2,178000
4,1963,1051,1382,1382,1,2,148000
4,1970,864,864,864,1,1,116050
7,1998,866,866,1779,2,2,197900
5,1925,884,884,1348,1,1,117000
7,2000,1630,1630,1630,2,2,213000
5,1975,1056,1074,1074,1,2,153500
7,1990,2158,2196,2196,2,3,271900
4,1966,1056,1056,1056,1,1,107000
6,2003,1682,1700,1700,2,2,200000
5,1962,931,1283,1283,1,2,140000
8,2006,1660,1660,1660,2,2,290000
6,1992,1055,1055,1845,2,2,189000
8,1988,559,1080,1752,2,2,164000
4,1941,672,672,672,1,1,113000
4,1965,648,960,960,0,1,145000
5,1962,925,999,999,1,1,134500
5,1966,894,894,894,1,1,125000
6,1978,0,1318,1902,2,2,112000
8,2009,1300,1314,1314,2,2,229456
4,1947,0,672,912,1,0,80500
6,1971,672,672,1218,1,0,91500
5,1964,912,912,912,1,1,115000
5,1968,952,1211,1211,1,1,134000
6,1949,1040,1168,1846,2,1,143000
5,1951,2136,2136,2136,2,2,137900
7,2004,788,788,1490,2,2,184000
6,1958,588,1138,1138,1,1,145000
6,2007,894,894,1933,2,3,214000
5,1965,912,912,912,1,2,147000
9,2008,1702,1702,1702,1,3,367294
5,1960,1075,1507,1507,2,1,127000
5,1977,1361,1361,2620,2,2,190000
5,1962,1106,1190,1190,1,2,132500
4,1962,0,1224,1224,2,2,101800
5,1959,1188,1188,1188,1,2,142000
5,1911,940,1024,1964,1,0,130000
5,1914,747,892,1784,1,1,138887
7,2003,764,764,1626,2,2,175500
7,2004,847,847,1948,2,2,195000
6,2005,1141,1141,1141,1,2,142500
8,2006,1476,1484,1484,2,2,265900
7,2003,884,884,1768,2,2,224900
7,2007,1689,1689,1689,2,3,248328
7,1974,1053,1173,1173,2,2,170000
10,2006,2076,2076,2076,2,3,465000
8,1929,792,792,1517,1,2,230000
6,1984,585,1140,1868,3,2,178000
7,2005,756,756,1553,2,2,186500
6,1976,1012,1034,1034,1,3,169900
6,1917,735,1134,2058,1,2,129500
5,1950,876,988,988,1,1,119000
7,1968,2110,2110,2110,2,2,244000
7,2003,1405,1405,1405,2,2,171750
5,1968,864,874,874,1,1,130000
7,1974,1192,1516,2167,2,2,294000
7,2003,746,760,1656,2,2,165400
6,1931,884,959,1367,1,1,127500
8,1994,1986,1987,1987,2,2,301500
5,1922,864,864,864,1,0,99900
7,2005,856,1166,1166,2,2,190000
6,1969,1054,1054,1054,1,2,151000
6,1999,841,892,1675,2,2,181000
5,1956,1050,1050,1050,1,1,128900
4,1957,1104,1104,1788,1,1,161500
6,1919,764,1060,1824,1,2,180500
6,1998,1405,1337,1337,2,2,181000
7,1999,691,713,1452,2,2,183900
7,1910,925,964,1889,1,1,122000
9,2008,2002,2018,2018,2,3,378500
8,1935,728,1968,3447,3,3,381000
5,1958,874,874,1524,1,1,144000
7,1979,1332,1332,1524,0,2,260000
6,1968,1489,1489,1489,2,2,185750
5,1965,935,935,935,1,1,137000
6,1959,1019,1357,1357,1,1,177000
5,1910,661,661,1250,2,2,139000
5,1948,928,928,1920,2,2,137000
6,1972,723,735,1395,1,2,162000
6,1967,1680,1724,1724,1,2,197900
8,2002,1128,1128,2031,2,2,237000
4,1920,698,698,1128,1,2,68400
7,2002,1573,1573,1573,2,2,227000
7,1990,1309,1339,1339,2,2,180000
5,1977,1040,1040,1040,2,2,150500
6,1971,912,912,1824,2,0,139000
6,1919,804,1699,2447,2,1,169000
6,1939,780,825,1412,1,1,132500
6,1963,1328,1328,1328,1,2,143000
5,1964,1624,1582,1582,2,2,190000
8,2000,1501,1659,1659,2,2,278000
8,2006,1085,1120,1970,2,3,281000
5,1964,1152,1152,1152,1,2,180500
5,1972,630,630,1302,2,1,119500
5,1892,994,1378,2372,2,1,107500
7,1976,832,832,1664,2,2,162900
5,1955,864,864,864,1,2,115000
5,1968,1052,1052,1052,1,1,138500
5,1963,1120,1128,1128,2,2,155000
6,2005,547,1072,1072,2,2,140000
10,2008,6110,4692,5642,2,2,160000
5,1959,1246,1246,1246,1,1,154000
7,1999,978,1005,1983,2,2,225000
6,1942,771,753,1494,1,1,177500
8,1994,1165,1203,2526,2,3,290000
7,2005,1616,1616,1616,2,3,232000
7,2004,976,976,1708,2,2,130000
9,2006,1652,1652,1652,2,2,325000
7,2005,1368,1368,1368,2,2,202500
5,1994,990,990,990,1,2,138000
5,1948,924,1122,1122,1,2,147000
6,1991,1278,1294,1294,2,2,179200
7,1959,1902,1902,1902,2,2,335000
7,2005,1274,1274,1274,2,2,203000
8,1990,1453,1453,2810,2,2,302000
9,1999,1393,1422,2599,2,3,333168
4,1954,948,948,948,1,1,119000
6,1969,952,1092,2112,2,2,206900
8,2008,1622,1630,1630,2,3,295493
7,2006,1352,1352,1352,2,2,208900
8,2001,1753,1787,1787,2,3,275000
4,1954,864,948,948,1,1,111000
6,1957,1478,1478,1478,1,2,156500
3,1949,0,720,720,1,1,72500
7,1992,750,1061,1923,2,2,190000
4,1940,420,708,708,1,0,82500
8,2006,1795,1795,1795,2,3,147000
4,1922,796,796,796,1,0,55000
3,1931,544,774,774,1,0,79000
5,1982,816,816,816,1,1,130500
6,1920,1510,1584,2792,2,2,256000
7,1998,935,955,1632,2,2,176500
8,2006,1588,1588,1588,2,3,227000
5,1976,911,954,954,1,2,132500
4,1938,816,816,816,1,1,100000
5,1938,803,803,1360,1,1,125500
5,1970,765,765,1365,1,2,125000
6,1977,1350,1334,1334,2,2,167900
5,1973,1656,1656,1656,2,2,135000
4,1941,693,693,693,1,0,52500
7,2002,916,920,1861,2,2,200000
5,1972,864,864,864,1,1,128500
4,1971,858,872,872,1,4,123000
6,2003,1114,1114,1114,1,2,155000
8,2002,1284,1284,2169,2,2,228500
6,1928,896,1172,1913,1,2,177000
7,2006,728,728,1456,2,2,155835
4,1920,960,960,960,1,1,108500
7,1968,1568,2156,2156,2,2,262500
8,2006,1732,1776,1776,2,3,283463
7,1998,1482,1494,1494,2,2,215000
8,1872,684,938,2358,2,0,122000
5,1969,1248,1338,2634,2,4,200000
6,1962,858,858,1716,1,2,171000
6,1937,698,786,1176,1,2,134900
8,1995,2033,2053,3238,2,3,410000
7,2000,992,992,1865,2,3,235000
7,1968,570,1222,1920,3,2,170000
5,1966,864,892,892,1,1,110000
5,1971,1078,1078,1078,1,2,149900
6,2000,756,769,1573,2,2,177500
9,2004,1980,1980,1980,2,3,315000
5,1921,612,990,2601,3,2,189000
7,2005,1530,1530,1530,2,2,260000
4,1920,715,1281,1738,2,1,104900
6,2006,616,616,1412,2,2,156932
7,2005,600,520,1200,2,2,144152
7,2000,814,814,1674,2,2,216000
7,1999,873,882,1790,2,2,193000
5,1977,757,925,1475,2,1,127000
6,2003,848,848,848,1,2,144000
8,2003,1657,1668,1668,2,2,232000
4,1920,840,840,1374,1,1,105000
6,1955,992,1661,1661,1,1,165500
7,1998,1108,1108,2097,2,2,274300
10,2001,2633,2633,2633,2,3,466500
7,2005,1026,1026,1958,2,3,250000
8,2007,1571,1571,1571,2,3,239000
6,1930,768,790,790,1,1,91000
5,1941,984,984,1604,2,2,117000
6,1973,483,483,987,1,1,83000
5,2006,384,754,1394,2,2,167500
3,1914,864,864,864,1,1,58500
6,1970,1205,2117,2117,2,2,237500
7,1920,596,998,1762,1,2,157000
5,1918,816,1416,1416,2,2,112000
6,1939,560,698,1258,1,1,105000
4,1922,796,796,1154,1,1,125500
7,1978,1392,1392,2784,3,2,250000
6,1916,714,1664,2526,2,1,136000
9,2006,1746,1746,1746,2,3,377500
6,1941,735,869,1218,1,2,131000
7,2000,1525,1525,1525,2,2,235000
5,1967,1584,1584,1584,2,3,124000
5,1967,864,900,900,1,1,123000
6,1905,482,1221,1912,2,2,163000
7,2006,1356,1500,1500,2,3,246578
8,2005,1094,1133,2482,2,3,281213
5,1948,747,1687,1687,1,2,160000
5,1920,939,939,1513,1,1,137500
5,1950,1208,1136,1904,1,1,138000
6,1925,976,1160,1608,2,1,137450
6,1929,862,950,1158,1,1,120000
6,2004,839,864,1593,2,2,193000
7,2006,1286,1294,1294,2,2,193879
8,2007,1485,1464,1464,2,3,282922
3,1915,672,694,1214,1,3,105000
8,2004,1594,1646,1646,2,2,275000
5,1972,768,768,768,1,2,133000
5,1985,833,833,833,1,0,112000
4,1910,622,741,1363,1,2,125500
7,1986,791,1236,2093,2,2,215000
7,2001,944,944,1840,2,2,230000
6,1950,856,1112,1668,1,1,140000
4,1949,0,1040,1040,2,2,90000
8,2005,1844,1844,1844,2,2,257000
6,1923,833,1053,1848,1,2,207000
7,2007,1386,1569,1569,2,3,175900
4,1885,777,1246,2290,2,2,122500
8,1998,1284,1310,2450,2,3,340000
5,1963,1144,1144,1144,1,1,124000
6,1969,1844,1844,1844,2,2,223000
6,1968,708,708,1416,2,2,179900
6,1977,1069,1069,1069,2,2,127500
6,2003,848,848,848,1,2,136500
6,1966,697,1575,2201,2,2,274970
5,1958,1024,1344,1344,1,1,144000
6,1959,1252,1252,1252,1,2,142000
7,1994,1223,1223,2127,2,2,271000
5,1945,913,1048,1558,1,1,140000
5,1940,788,804,804,1,1,119000
6,1981,1440,1440,1440,2,2,182900
5,2005,732,734,1838,2,2,192140
6,1976,958,958,958,2,2,143750
4,1927,656,968,968,2,1,64500
6,2000,936,962,1792,2,2,186500
5,1977,1126,1126,1126,2,2,160000
6,1962,1319,1537,1537,1,2,174000
4,1971,864,864,864,1,2,120500
8,2008,1932,1932,1932,2,3,394617
6,1957,912,1236,1236,1,2,149700
7,1979,539,1040,1725,2,2,197000
6,1922,588,1423,2555,2,2,191000
6,2004,848,848,848,1,2,149300
10,2008,1017,1026,2007,2,3,310000
6,1916,952,952,952,1,1,121000
7,2004,1422,1422,1422,2,2,179600
6,1966,814,913,913,1,1,129000
5,1962,1188,1188,1188,1,1,157900
8,1995,1220,1220,2090,2,2,240000
4,1910,560,796,1346,1,1,112000
5,1970,630,630,630,1,0,92000
5,1974,896,896,1792,2,0,136000
8,2008,1573,1578,1578,2,3,287090
5,2005,547,1072,1072,1,2,145000
5,2006,1140,1140,1140,1,0,84500
7,2004,1221,1221,1221,2,2,185000
6,1999,953,953,1647,2,2,175000
6,1978,1542,2073,2073,2,2,210000
7,1941,1152,1188,2340,2,1,266500
5,1950,1078,1078,1078,1,1,142125
5,1965,1256,1256,1256,1,1,147500
5,1961,882,896,896,1,1,
6,1958,1329,1329,1329,1,1,
5,1997,928,928,1629,2,2,
6,1998,926,926,1604,2,2,
8,1992,1280,1280,1280,2,2,
6,1993,763,763,1655,2,2,
6,1992,1168,1187,1187,2,2,
6,1998,789,789,1465,2,2,
7,1990,1300,1341,1341,1,2,
4,1970,882,882,882,1,2,
7,1999,1405,1337,1337,2,2,
6,1971,483,483,987,1,1,
5,1971,525,525,1092,1,1,
6,1975,855,855,1456,2,2,
7,1975,836,836,836,1,1,
9,2009,1590,1627,2334,2,3,
8,2009,1544,1544,1544,2,3,
9,2005,1698,1698,1698,2,3,
8,2005,1822,1822,1822,2,3,
9,2003,2846,2696,2696,2,3,
8,2002,1671,1687,2250,2,3,
8,2006,1370,1370,1370,2,2,
6,2005,1324,1324,1324,2,2,
7,2006,1145,1145,1145,2,2,
7,2004,384,744,1374,2,2,
7,2004,847,847,1733,2,2,
8,1998,1629,1645,2475,2,3,
8,2005,1595,1595,1595,2,3,
7,2009,1218,1218,1218,2,2,
6,2005,1468,1468,1468,2,2,
7,2004,831,831,1659,2,2,
5,1920,816,1012,1012,1,1,
6,1974,1208,1494,1494,2,2,
8,1993,1231,1251,2349,2,3,
8,1992,1390,1402,2225,2,3,
7,2004,1488,1488,1488,2,2,
7,2004,840,840,1680,2,2,
7,2004,600,600,1200,2,2,
7,2004,600,600,1200,2,2,
6,2005,600,600,1236,2,2,
6,2000,756,756,1512,2,2,
7,2003,530,530,1080,2,2,
8,2010,1642,1418,1418,1,3,
8,2000,975,975,1848,2,2,
7,2002,1492,1492,1492,2,2,
6,1967,1829,1829,1829,2,2,
6,1993,1280,1280,2495,2,2,
6,1978,1224,1287,1891,3,2,
6,1971,715,930,1645,1,2,
5,1966,1232,1232,1232,1,2,
5,1966,1209,1209,1209,1,2,
5,1967,1510,1510,1510,2,2,
6,1964,533,1131,1775,2,2,
5,1962,1728,1728,1728,2,0,
5,1952,1140,1929,2461,2,2,
6,1949,782,1019,1556,2,2,
6,1966,1080,1128,1128,1,1,
5,1958,1604,1604,1604,2,2,
7,2003,1480,1480,1480,2,2,
5,1959,1143,1143,1143,1,1,
5,1959,1206,1206,1206,1,1,
6,1959,1244,1580,1580,1,2,
4,1956,832,832,1337,1,1,
5,1952,864,1064,1064,1,1,
5,1955,972,972,972,1,1,
5,1958,988,988,988,1,1,
4,1920,576,985,985,1,2,
6,1948,816,816,1224,1,1,
5,1960,1175,1175,1175,1,2,
6,1963,1395,1395,1395,1,2,
4,1900,709,1157,1844,1,1,
5,1920,936,936,936,1,0,
5,1957,1347,1347,1347,1,2,
6,1938,827,827,1251,1,1,
5,1948,1027,1027,1633,1,1,
5,1920,1008,1060,1245,1,1,
2,1923,678,832,832,1,2,
8,1900,930,930,1566,2,1,
8,1890,346,1157,2268,3,2,
5,1910,840,1128,2256,2,0,
6,1922,738,868,1470,1,2,
5,1950,988,1030,1612,1,1,
7,1922,1108,1160,2068,1,1,
4,1925,765,765,765,1,1,
6,1939,608,608,1132,1,1,
6,1940,572,848,1196,1,2,
5,1942,835,955,1453,1,1,
6,1948,780,780,1416,1,1,
5,1936,528,548,1040,1,2,
5,1930,928,928,1536,2,2,
6,1923,1124,1068,1068,1,1,
4,1915,888,888,1962,1,2,
6,1912,780,780,1560,1,0,
6,1920,662,662,1324,1,1,
5,1959,1422,1675,1675,2,1,
5,1917,689,725,1224,1,1,
5,1915,1212,1212,1392,1,0,
6,1940,600,600,919,1,1,
4,1907,707,942,1884,1,0,
5,1910,856,936,1680,2,2,
4,1967,1832,1832,1832,2,0,
5,1966,864,892,892,1,1,
5,1968,864,864,864,1,1,
5,1978,1319,1373,1373,1,2,
5,1968,720,720,1440,1,2,
7,1977,1420,1483,1483,1,2,
4,1927,660,756,756,1,2,
6,1978,1117,1117,1981,2,2,
3,1938,972,1052,1610,2,1,
6,1950,663,1074,1074,1,1,
4,1947,756,1169,1531,1,1,
5,1954,1172,1172,1172,1,1,
7,2009,1508,1508,1508,1,2,
5,1964,1250,1298,1298,2,2,
7,1987,1433,1433,1433,1,2,
6,1993,946,964,1802,2,4,
7,2010,1222,1222,1222,2,2,
6,1900,676,831,1445,2,2,
5,1996,870,965,965,1,2,
7,1997,878,892,1692,2,2,
5,1977,1026,1026,1026,1,1,
5,1972,876,876,876,1,2,
8,2003,1978,1978,1978,2,3,
7,1997,1040,1044,2098,2,2,
6,2003,848,848,848,1,2,
3,1945,0,640,640,1,1,
5,1954,381,992,992,1,1,
5,1968,1196,1196,1196,1,1,
4,1948,744,792,1120,1,2,
6,1975,1008,1096,1096,1,1,
4,1958,960,960,960,1,0,
5,1924,1107,1296,1296,2,1,
6,1939,856,856,856,1,2,
4,1967,0,862,2650,3,0,
5,1931,894,894,1666,1,0,
7,1941,1528,1225,2133,1,1,
5,1950,1032,1102,2177,2,2,
7,1994,423,896,1652,2,2,
8,1989,982,1034,1034,1,2,
8,1989,1191,1191,1191,2,2,
2,1941,480,540,540,1,1,
6,1921,629,727,1107,1,1,
4,1896,756,952,952,1,1,
8,2004,1594,1646,1646,2,2,
8,1998,1049,1036,1916,2,3,
6,1977,1243,1285,1285,2,2,
6,1976,1958,2048,2048,3,2,
7,2008,1336,1346,1346,2,3,
7,2009,1214,1214,1214,2,2,
5,2006,384,744,1444,2,2,
5,1965,1068,1264,1264,1,2,
5,2004,1430,1430,1430,2,2,
5,1999,1344,1344,1344,2,2,
5,1973,945,945,945,1,1,
4,1970,546,546,1092,1,0,
4,1970,546,546,1092,1,0,
4,1972,546,546,1092,1,1,
5,1971,864,874,874,1,1,
5,1984,833,833,833,1,2,
5,1985,1216,1216,2432,4,2,
5,1991,624,624,1274,1,2,
5,1969,864,864,1479,2,1,
8,1994,1679,1803,1803,2,2,
6,1993,1152,1152,1797,2,2,
6,1956,882,882,882,1,1,
6,1974,1434,1434,1434,2,2,
6,1997,945,945,1608,2,2,
8,2003,1008,1008,2283,2,3,
7,1996,384,958,1628,2,2,
8,2004,2208,2522,2522,2,2,
8,1998,1418,1478,1478,2,2,
8,1995,1587,1734,1734,2,2,
7,1998,384,751,1382,2,2,
6,1998,952,952,1636,2,2,
6,1994,707,707,1516,2,2,
6,1993,1181,1190,1190,2,2,
5,1977,1122,946,1934,2,2,
7,1978,832,1154,2050,2,2,
6,1978,1427,1671,1671,2,2,
7,1980,1043,1539,2673,2,2,
6,1978,1140,1707,1707,2,2,
7,2003,926,1016,1884,2,2,
8,2000,1058,1058,1874,2,2,
8,2002,972,972,1811,2,2,
5,1975,1621,1621,1621,2,2,
6,1974,1116,1116,1116,2,2,
7,1975,1176,1193,1193,2,2,
5,1970,1180,1180,1180,1,2,
5,1971,1043,1050,1050,1,1,
4,1970,864,864,864,1,2,
4,1971,864,864,864,1,2,
6,1973,483,483,987,1,1,
6,1972,483,483,987,1,1,
6,1976,804,804,1548,2,2,
7,1975,1057,1055,1055,2,2,
6,1977,855,855,1456,2,2,
6,1978,804,804,1548,2,2,
6,1978,855,855,1456,2,2,
7,1976,836,836,836,1,1,
5,1966,864,1120,1120,1,2,
9,2007,1776,1794,2772,3,3,
9,2009,1365,1365,2690,2,3,
9,2008,2020,2020,2020,2,3,
10,2007,2630,2674,2674,2,3,
9,2008,1736,1736,1736,2,3,
8,2004,1782,1782,1782,2,3,
8,2007,1508,1508,2520,2,3,
9,2008,1739,1743,1743,2,3,
9,2006,1504,1531,1531,2,3,
9,2008,1774,1808,1808,2,3,
7,2003,1760,1760,1760,2,2,
9,2003,2452,2452,2452,2,3,
8,2003,1082,1105,2400,3,3,
8,2006,1598,1606,1606,2,3,
6,2005,1358,1358,1358,2,2,
6,2005,1306,1306,1306,2,2,
7,2007,1350,1358,1358,2,2,
10,2004,2492,2492,2492,2,3,
8,2003,2200,2200,2200,2,3,
9,2008,1884,1884,1884,2,2,
9,2008,1451,1456,1456,2,2,
8,2002,1712,1712,1712,2,3,
7,2003,1405,1405,1405,2,2,
7,2005,728,728,1456,2,2,
6,2005,745,745,1490,2,2,
7,2005,1220,1220,1220,2,2,
7,2004,384,744,1374,2,2,
7,2004,868,868,1630,2,2,
7,2004,846,846,1594,2,2,
7,2003,782,806,1489,2,2,
7,2003,698,698,1342,2,2,
8,2002,870,878,2004,2,3,
7,2004,384,744,1374,2,2,
6,2000,794,819,1514,2,2,
7,1999,384,774,1430,2,2,
7,1999,1177,1223,2312,2,3,
7,1999,384,774,1430,2,2,
8,2000,1455,1466,2687,2,3,
8,1994,2024,2063,2063,2,3,
7,1995,1070,1094,2061,2,2,
8,1993,1173,1215,2232,2,2,
8,2008,1696,1696,1696,2,3,
8,2008,1614,1658,1658,2,3,
8,2007,1702,1702,1702,2,3,
8,2006,1422,1432,1432,2,2,
9,2005,2458,2490,2490,2,3,
7,2008,1436,1436,1436,2,2,
7,2008,1402,1402,1402,2,2,
9,2007,1530,1530,1530,2,3,
8,2006,1372,1448,1448,2,2,
8,2006,900,909,1795,2,3,
8,2008,1836,1836,1836,2,2,
7,2006,1652,1662,1662,2,3,
7,2003,1553,1553,1553,2,2,
7,2003,812,812,1653,2,2,
7,2007,1218,1218,1218,1,2,
7,2006,1141,1141,1141,1,2,
6,2004,1158,1158,1158,1,0,
7,2004,835,871,1812,2,2,
8,2004,1512,1512,1512,2,3,
7,2004,1114,1114,1114,1,2,
5,2004,1114,1114,1114,1,0,
5,2003,1114,1114,1114,2,2,
7,2008,1450,1450,1450,2,3,
7,1996,913,913,2122,2,2,
6,1992,816,833,1730,2,2,
6,1990,1332,1332,1332,2,2,
7,1994,754,754,1540,2,2,
6,1986,676,698,1400,2,2,
6,1981,0,964,1882,2,2,
5,1962,980,980,980,1,2,
5,1961,864,864,864,1,2,
5,1961,864,864,864,1,1,
5,1965,1024,1020,1020,2,1,
5,1963,912,912,912,1,1,
5,1962,912,912,912,1,1,
8,1980,2014,2014,2014,2,3,
7,1991,975,975,1755,2,2,
7,2004,1376,1376,3005,2,3,
6,2008,1726,1726,1726,2,2,
6,2008,1145,1256,1256,1,2,
6,2000,756,756,1512,2,2,
7,1999,691,713,1452,2,2,
8,1977,1694,1694,1694,2,2,
7,1981,1740,1740,1740,1,2,
8,1976,392,1487,2499,2,2,
7,1974,752,1285,2067,2,2,
6,1967,932,1271,2640,2,2,
5,1969,1288,1336,1336,2,2,
6,1969,1216,1216,1216,1,1,
7,1977,908,1316,2288,1,2,
5,1967,864,864,864,1,1,
5,1967,1568,1568,1568,1,2,
7,1974,1165,1165,2061,2,2,
6,1971,1232,1320,1320,2,2,
4,1960,894,894,894,1,2,
5,1959,864,864,864,1,1,
4,1957,1040,1362,1362,1,3,
5,1956,1048,1728,1728,2,2,
5,1961,1313,1313,1313,1,2,
5,1964,1292,1292,1292,1,2,
5,1965,744,825,2140,2,2,
6,1961,1208,1576,1576,1,2,
5,1955,960,960,960,1,1,
6,1967,1680,1691,1691,1,2,
6,1961,1453,1453,1453,2,2,
6,1966,1562,1567,1567,2,2,
5,1956,1169,1144,1144,1,1,
7,1960,1329,1329,1329,1,2,
6,1959,988,988,988,2,1,
5,1956,1202,1202,1202,1,1,
5,1955,1382,1382,1382,1,1,
4,1956,1200,1200,1200,1,1,
5,1958,1866,1866,1866,2,2,
6,1954,1062,1062,1062,1,1,
5,1951,631,1112,1112,1,2,
5,1945,793,793,793,1,1,
5,1952,1031,1031,1031,1,1,
5,1953,0,1210,1210,1,1,
7,1948,699,801,1527,1,2,
5,1950,1200,1200,1200,1,1,
3,1958,792,792,792,1,1,
5,1939,676,676,1352,2,2,
4,1900,405,717,1039,1,1,
5,1925,1054,1078,1078,1,1,
4,1915,1313,1313,2377,2,2,
7,1910,560,930,1690,2,2,
2,1940,416,599,599,1,0,
5,1920,720,846,846,1,2,
3,1890,630,725,725,1,1,
6,1969,1248,1248,2544,2,3,
6,1963,1380,1380,1380,1,1,
6,1967,1040,1040,1040,1,2,
6,1958,951,951,951,1,2,
6,1957,1105,1105,1105,1,1,
6,1958,160,1142,1142,1,1,
6,1950,795,765,1133,1,2,
5,1958,1041,1041,1041,1,1,
5,1952,732,732,732,1,1,
5,1959,528,1183,1183,1,1,
4,1949,832,832,1461,2,1,
6,1948,864,1064,1495,1,2,
6,1964,780,993,1806,1,2,
5,1978,941,941,941,1,2,
6,1963,1045,1045,1045,1,1,
6,1935,901,861,1378,1,1,
6,1910,972,972,1944,2,2,
5,1910,240,810,1306,1,2,
5,1910,504,764,1464,2,0,
5,1939,690,868,1558,1,2,
4,1920,600,1101,1701,2,0,
5,1910,801,801,1447,1,0,
5,1950,768,768,1328,1,1,
4,1920,861,861,861,1,2,
2,1940,0,612,612,1,1,
5,1923,624,792,792,1,1,
4,1910,677,833,1510,2,2,
6,1900,917,1090,2007,2,1,
6,1917,624,664,1288,1,1,
4,1910,624,816,816,1,0,
6,1920,972,1044,1480,1,1,
6,1910,741,780,1521,1,3,
3,1900,245,797,797,1,0,
6,1923,1022,1432,1432,1,1,
5,1930,297,1001,1654,2,1,
5,1924,468,822,1142,1,1,
5,1925,960,995,995,1,1,
5,1938,952,994,1582,2,1,
5,1925,1072,1072,1072,1,5,
6,1915,1048,1048,1768,2,2,
7,1915,672,1272,1944,2,1,
5,1922,1040,1088,2128,2,0,
6,1927,720,1146,1930,2,1,
6,1915,483,741,1427,1,1,
7,1902,1020,978,1864,2,0,
6,1927,1204,1204,1666,1,1,
4,1923,858,892,892,1,0,
6,1915,698,754,1403,1,1,
4,1946,560,704,704,1,1,
5,1987,1200,1200,1200,3,0,
5,1978,1152,1152,1152,2,1,
5,1934,585,687,1112,2,1,
5,1967,1052,1052,1052,1,1,
6,1978,456,1034,1034,1,2,
5,1961,552,904,1774,2,1,
6,1960,1138,1138,1138,1,2,
5,1956,825,2071,2071,1,1,
2,1947,0,660,660,1,0,
4,1954,0,1383,1383,1,2,
5,1956,1073,1073,1073,1,1,
6,1946,747,892,1639,1,1,
5,1954,1089,1089,1089,1,1,
5,1984,1049,1049,1049,2,1,
7,1990,1054,1061,1061,1,2,
6,1983,520,1338,1338,1,2,
7,1993,1079,1079,1879,2,2,
5,1880,0,1288,2016,1,2,
5,1979,0,1114,2228,2,2,
5,1979,0,1535,1535,2,2,
5,1979,1094,1229,1229,0,2,
5,1979,0,1513,1513,2,2,
7,2000,1168,1168,2787,4,4,
7,2000,1168,1168,2787,4,4,
7,2000,1168,1168,2787,4,4,
9,2009,1555,1680,1680,1,3,
9,2008,1720,1720,1720,2,3,
8,2008,1468,1468,1468,2,3,
8,2007,1838,1838,1838,2,2,
7,2007,1282,1290,1290,2,2,
8,2008,1254,1254,1254,2,3,
8,2005,1498,1498,1498,2,3,
6,2005,704,704,1422,2,2,
7,1992,1449,944,1759,2,2,
5,1994,990,990,990,1,1,
7,1998,1463,1463,1463,2,2,
6,1998,928,928,1772,2,2,
7,2002,1431,1444,1444,2,2,
7,2001,1492,1492,1492,2,2,
5,1978,907,907,907,1,1,
5,1979,914,914,914,1,2,
7,2002,1569,1611,1611,2,3,
8,2003,1068,1068,2184,2,2,
7,2002,840,840,1725,2,2,
7,2001,944,944,1870,2,2,
8,1999,1462,1513,1513,2,2,
8,2002,1822,1828,1828,2,2,
7,1997,1417,1417,1417,2,2,
8,2007,1578,1602,1602,2,3,
6,2007,608,608,1396,2,2,
4,1960,1014,1149,1149,1,1,
6,2005,547,1072,1072,1,2,
4,1959,876,876,876,1,1,
5,1950,1078,1368,1368,1,1,
5,1959,1678,1678,1678,2,0,
5,1956,1150,1560,1560,1,1,
5,1941,720,854,1298,1,1,
5,1938,832,832,1268,1,1,
6,1935,583,647,1242,1,1,
6,1916,816,1232,1232,1,2,
7,1918,600,628,1228,1,1,
5,1940,840,840,1567,1,2,
5,1960,1273,1273,1273,1,1,
7,1940,920,1240,2480,2,2,
5,1954,1112,1112,1112,1,1,
6,1960,1561,1561,1561,2,2,
5,1949,1067,986,1523,2,1,
6,1954,1310,1906,1906,1,2,
6,1980,516,516,1032,1,2,
6,1980,561,561,1229,1,2,
6,1980,561,561,1229,1,2,
6,1986,572,1182,1982,2,2,
7,1971,1803,2365,2365,2,2,
5,1900,760,928,2168,2,2,
4,1925,572,572,572,1,1,
8,2007,1596,1648,1648,2,2,
2,1910,0,810,810,1,1,
8,2000,1107,1040,2052,2,3,
6,1977,902,926,926,1,1,
6,1977,957,1287,1287,1,2,
5,1991,1582,1595,1595,2,2,
9,2008,2190,2036,2036,2,3,
9,2008,1641,1641,1641,2,3,
6,1980,712,1375,2237,2,2,
7,1987,1645,1479,1479,2,2,
7,2003,912,1072,2014,2,2,
9,2007,1978,1978,1978,2,3,
5,1968,1008,1008,1008,1,1,
5,1969,1188,1404,1404,2,2,
5,1972,796,796,796,1,1,
6,1993,384,1091,1091,1,1,
5,1992,828,883,883,1,2,
5,1992,624,624,1287,1,2,
5,1969,784,784,1632,1,2,
6,1997,926,926,1604,2,2,
6,1995,680,680,1470,2,2,
6,1998,926,926,1604,2,2,
6,1996,916,916,1636,2,2,
5,1996,1348,1384,1384,2,2,
8,1997,1664,1682,1682,1,2,
8,1992,1280,1280,1280,2,2,
6,1998,932,932,1633,2,2,
6,1991,836,851,1709,2,2,
8,1989,1337,1337,1337,2,2,
8,2005,1168,1168,2500,3,3,
9,2004,1884,1884,1884,2,3,
6,1952,1632,1474,1474,1,2,
9,2007,1710,1710,1710,2,2,
6,1950,1488,1488,1488,2,2,
7,1988,1675,1688,1688,2,2,
7,1983,1260,1260,1260,2,2,
7,1978,2048,2064,2064,2,2,
7,1979,1782,1782,1782,2,2,
6,1976,1211,1211,1211,2,2,
7,1980,738,1277,2044,2,2,
5,1969,720,720,1308,1,2,
7,1978,1420,1420,2840,2,4,
6,1976,1444,1444,1444,2,2,
8,1996,1236,1236,2340,2,3,
5,1974,896,896,1792,2,2,
4,1969,936,936,936,1,1,
5,1971,864,864,864,1,2,
6,1973,483,483,987,1,1,
6,1972,483,483,987,1,1,
5,1972,630,630,1302,2,1,
6,1975,855,855,1456,2,2,
7,1977,1055,1055,1055,2,2,
8,2007,1582,1582,1582,2,3,
8,2007,2418,2464,2464,2,3,
9,2007,1950,1950,1950,2,3,
9,2006,1850,1850,2748,2,3,
10,2005,1620,1632,2790,2,4,
9,2005,1414,1414,2331,2,3,
8,2007,948,948,2088,2,3,
8,2004,1148,1170,2332,2,3,
10,2003,2535,2470,2470,1,3,
8,2003,1603,1575,1575,2,3,
8,2001,1479,1515,2649,2,3,
8,2003,1765,1804,2690,2,3,
9,2008,1858,1866,1866,2,3,
7,2005,1367,1367,1367,2,2,
9,2007,1800,1800,1800,2,3,
8,2006,1342,1342,1342,2,2,
8,2006,1342,1342,1342,2,2,
7,2003,764,764,1626,2,2,
7,2003,1415,1455,1455,2,3,
7,2004,1393,1576,1576,2,3,
7,2007,1146,1246,1246,2,2,
6,2004,789,813,1515,2,2,
7,2002,840,840,1720,2,2,
7,2003,847,847,1986,2,2,
7,2007,1350,1358,1358,2,2,
7,2000,982,1008,1892,2,2,
7,2002,707,707,1414,2,2,
7,1999,1037,1037,2322,2,2,
7,1999,831,873,1651,2,2,
8,1997,1173,1182,2199,2,2,
9,2000,1519,1533,2172,2,3,
8,1998,1982,2006,2006,2,3,
7,1996,1064,1064,2125,2,2,
8,1995,1242,1251,2501,2,3,
7,1993,1080,1108,2197,2,3,
7,2006,1578,1578,1578,2,3,
8,2007,1341,1341,1861,3,3,
8,2007,955,955,1874,2,3,
8,2006,1460,1460,1460,2,2,
8,2007,1363,1372,1372,2,2,
8,2007,1660,1660,1660,2,3,
7,2007,1218,1218,1218,2,2,
6,2003,835,835,1696,2,2,
7,2003,835,835,1663,2,2,
6,2005,1175,1175,1175,1,0,
7,2007,1162,1162,1162,2,2,
6,1995,754,754,1609,2,2,
6,1993,886,886,1680,2,2,
7,1994,832,832,1657,2,2,
6,2001,827,827,1677,2,2,
7,1992,836,844,1737,2,2,
5,1963,984,984,984,1,1,
5,1961,864,864,864,1,1,
5,1968,890,890,890,1,1,
5,1963,864,864,864,1,1,
6,1974,1430,1430,1430,2,2,
5,1972,1001,1001,1641,2,2,
6,1990,930,1364,2683,2,2,
9,1993,1848,1827,2786,2,2,
7,2004,1235,1245,1245,2,2,
6,2005,600,600,1200,2,2,
7,2007,689,703,1392,2,2,
6,1999,744,757,1549,2,2,
9,2000,1614,1638,1638,2,2,
9,2001,1310,1310,1310,1,2,
9,2001,1419,1419,1419,1,2,
9,1999,1557,1557,1557,2,2,
7,1999,672,684,1404,2,2,
7,2001,858,872,1789,2,2,
8,1999,960,962,1586,2,2,
8,1999,960,962,1607,2,2,
10,1998,970,1469,2393,2,2,
8,1995,1230,1239,1239,1,2,
9,1977,994,1599,2944,2,3,
8,1976,1426,1671,1671,3,2,
7,2002,952,952,1812,2,2,
6,1969,1427,1427,1427,2,2,
6,1968,1740,1740,1740,1,2,
7,1967,1620,1620,1620,2,2,
5,1965,1625,1625,1625,2,2,
5,1968,732,732,1464,1,2,
5,1965,912,925,925,1,2,
5,1965,1728,1728,1728,2,2,
7,1971,825,845,1670,1,2,
5,1956,0,1014,1014,1,1,
5,1961,1114,1114,1114,1,2,
5,1960,1118,1118,1118,1,1,
4,1937,348,453,906,1,1,
5,1960,1296,1496,1496,2,2,
5,1950,572,1337,1337,1,1,
5,1953,1036,1036,1036,1,1,
6,1966,1104,1104,1988,2,2,
5,1957,1176,1176,1176,1,1,
5,1959,1248,1440,1440,2,1,
6,1958,1395,1570,1570,1,2,
5,1956,1104,1104,1104,1,1,
5,1952,720,882,882,1,1,
5,1953,1152,1152,1152,1,2,
5,1953,984,950,950,1,2,
6,1957,998,1790,1790,2,2,
5,1957,0,1764,1764,2,1,
5,1957,1824,1824,1824,2,2,
4,1948,0,869,869,1,1,
5,1925,747,747,1159,1,1,
4,1940,672,672,672,1,1,
5,1922,892,1254,1436,1,4,
5,1968,912,1044,1044,1,2,
7,1958,1312,1312,1312,1,2,
6,1960,1081,1081,1081,1,1,
5,1951,876,876,876,1,2,
5,1959,1256,1256,1256,1,1,
5,1962,1027,1027,1027,1,1,
6,1948,768,819,1320,2,2,
6,1954,936,984,984,1,1,
6,1954,854,854,1278,1,1,
5,1961,1800,1800,1800,2,0,
5,1955,768,1024,1588,1,2,
5,1954,825,825,825,1,1,
5,1963,1117,1117,1117,1,1,
6,2008,192,1133,1133,1,1,
5,1948,780,948,1323,1,2,
5,1910,680,680,1360,1,1,
5,1940,672,672,672,1,1,
6,1915,728,728,1456,1,1,
4,1910,828,828,1594,2,0,
4,1940,801,1095,1656,2,2,
5,1920,936,960,1740,1,1,
7,1920,931,1027,1027,1,0,
6,1940,884,884,1436,2,2,
5,1910,481,899,899,1,1,
5,1890,684,684,1080,1,0,
5,1946,904,904,1499,1,3,
2,1946,407,407,407,1,1,
3,1949,448,1588,1588,2,0,
5,1900,797,830,1627,2,2,
7,1920,624,730,1450,1,1,
5,1900,346,709,1017,1,1,
5,1920,973,1377,2350,2,2,
5,1905,572,884,1540,1,0,
2,1920,723,723,1086,1,2,
7,1890,1313,1313,2495,2,2,
5,1959,984,984,984,1,1,
4,1958,869,1093,1093,1,1,
5,1928,1008,1143,1143,1,1,
7,1945,672,1195,1668,1,1,
5,1935,1024,1144,1738,2,1,
5,1941,672,832,1210,1,1,
6,1900,554,736,1290,1,1,
6,1940,981,1014,1672,1,1,
5,1924,949,949,949,1,2,
6,1937,825,825,1497,2,1,
6,1939,739,874,1342,2,1,
6,1926,992,1013,1013,1,1,
5,1920,565,565,1216,1,1,
4,1946,NA,896,896,1,1,
4,1929,704,624,1136,1,1,
5,1945,0,808,808,1,1,
7,1939,989,1245,2009,2,2,
5,1923,1100,1226,1902,2,2,
6,1915,810,1170,1716,2,2,
6,1910,1242,1242,1984,2,1,
6,1910,796,825,1609,1,1,
6,1930,768,768,768,1,2,
6,1952,768,768,1536,1,1,
6,1938,1272,1272,1969,2,2,
5,1915,880,880,1308,2,2,
6,1925,1040,1040,1040,1,2,
6,1925,768,788,1236,2,1,
5,1912,451,759,759,1,2,
3,1915,536,808,1344,2,0,
5,1947,1046,1054,1054,1,1,
5,1963,981,1075,1075,1,2,
6,1978,1008,1096,1096,1,2,
5,1967,992,992,992,1,1,
6,1978,450,1034,1034,1,2,
5,1967,1073,1073,1073,1,1,
5,1984,1060,1126,1126,1,2,
5,1920,1300,1140,1140,1,2,
5,1963,960,960,960,1,1,
6,1956,988,1188,1188,1,2,
5,1960,988,1721,1721,2,2,
5,1941,576,864,1350,1,3,
5,1970,864,904,904,1,3,
7,1979,1524,1524,1524,2,2,
7,1948,570,617,1079,1,1,
5,1940,1580,1518,1518,1,0,
5,1956,1509,1509,1509,1,1,
5,1975,864,864,864,1,0,
6,1962,621,621,1269,1,1,
6,1995,1077,1093,2814,2,2,
7,1994,1602,1626,1626,2,2,
7,1993,812,1101,2200,2,2,
7,1996,672,1302,2037,2,2,
7,2007,628,628,1356,2,2,
8,2007,1615,1615,1615,2,3,
9,2008,2271,2276,2276,2,3,
9,2008,1751,1766,1766,2,3,
8,1995,1401,1511,1511,2,3,
6,1966,1182,1643,1643,2,2,
5,1994,990,990,990,1,2,
7,1997,1418,1418,1418,2,2,
6,1997,864,872,1771,2,2,
7,2000,782,782,1652,2,2,
7,2000,928,928,1823,2,2,
5,1978,864,1174,1174,1,2,
5,1975,1076,1076,1076,1,2,
5,1975,864,1558,1558,2,2,
7,2001,1257,1290,2161,2,2,
9,2001,1357,1366,1947,2,3,
8,2002,1778,1786,1786,2,3,
7,2003,1129,1129,2327,2,2,
8,1999,850,886,1764,2,2,
6,2004,848,848,848,1,2,
6,1997,1838,1838,1838,2,3,
7,2004,1445,1445,1445,2,2,
7,2007,1564,1564,1564,2,3,
7,2007,1351,1361,1361,2,2,
5,1966,1092,1092,1092,1,1,
5,1976,456,1033,1033,1,2,
6,1976,1127,1127,1127,1,2,
6,1977,1029,1117,1117,1,2,
6,1976,684,684,1398,1,2,
5,1959,0,3820,3820,3,2,
4,1955,0,1152,1152,2,0,
4,1955,0,1152,1152,2,0,
4,1955,784,784,784,1,0,
5,1938,585,585,1053,1,0,
5,1947,0,929,1137,1,0,
4,1953,911,930,930,1,1,
4,1954,416,1204,1204,1,1,
4,1923,949,949,1292,1,1,
7,1921,1228,1424,1424,2,1,
6,1930,960,960,1920,2,2,
6,1926,644,672,1316,1,1,
6,1914,676,676,1264,1,2,
8,1925,798,798,1512,2,1,
6,1923,784,819,1603,1,2,
5,1937,942,1265,1938,2,1,
5,1938,884,932,1374,1,1,
6,1951,1091,1091,1091,1,1,
8,1935,608,983,1873,1,2,
7,1950,832,1218,2161,2,2,
5,1956,1898,1898,1898,2,2,
6,1980,516,516,1032,1,2,
6,1926,894,919,919,1,1,
6,1940,720,760,1090,1,1,
5,1930,780,780,1200,1,0,
5,1967,624,1092,1656,1,1,
5,1930,520,912,912,1,1,
5,1958,1151,1151,1955,2,1,
1,1952,0,733,733,1,2,
4,1895,173,825,1361,1,1,
4,1910,356,671,1049,1,1,
4,1920,592,432,864,1,1,
8,2007,1596,1648,1648,2,2,
7,2004,1594,1646,1646,2,2,
7,1996,1840,2032,2032,3,3,
7,1996,910,910,1820,2,3,
5,1976,0,936,1872,2,2,
4,1991,1680,1689,1689,2,2,
7,1986,1277,1501,1501,2,2,
8,2006,1518,1537,1537,2,3,
8,2007,920,920,1780,2,2,
5,2006,352,712,1442,2,2,
7,2008,796,796,1612,2,3,
6,1989,1495,1495,1495,2,2,
6,1986,1256,1256,1256,2,2,
8,2003,1432,1440,1440,2,2,
6,1999,1666,1675,1675,2,2,
8,2007,1884,1728,1728,2,2,
8,2005,1964,1964,1964,2,3,
7,1997,1344,1344,1344,2,4,
5,2007,1092,1092,1092,1,0,
6,1997,1189,1189,1189,2,2,
4,1964,1200,1200,1200,1,3,
5,1975,1040,1040,1040,1,2,
5,1976,550,925,1475,2,1,
4,1973,526,526,988,1,1,
4,1973,462,526,988,1,1,
5,1968,1113,1160,1160,1,1,
6,1970,546,546,1092,2,0,
5,1983,816,816,816,1,1,
5,1982,845,845,845,1,1,
5,1984,864,889,889,1,2,
5,1900,686,1150,1836,2,1,
6,1971,1587,1587,1587,2,2,
6,1997,384,754,1384,2,2,
6,1994,392,924,1694,2,2,
6,1999,923,947,1714,2,2,
7,1996,691,691,1553,2,2,
6,1999,938,957,2299,3,2,
7,1992,1168,1187,1187,2,2,
6,1993,903,910,1642,2,2,
6,1964,1302,1128,1128,1,2,
8,1988,1166,1179,1179,2,2,
8,1990,1312,1321,1321,1,2,
8,2005,1149,1164,2541,3,3,
9,2006,2660,2338,2338,2,3,
5,1969,1100,1424,1424,1,3,
9,2006,1612,1612,1612,2,2,
8,2006,2220,2234,2234,1,2,
10,2006,1742,2042,2042,2,3,
6,1984,1284,1284,1284,2,2,
7,1981,725,725,1479,2,2,
7,1978,1529,1664,1664,2,2,
7,1979,780,1085,1930,2,2,
6,1984,1153,1177,1177,2,2,
6,1979,1259,1353,1353,2,2,
6,1971,1625,1220,1220,2,2,
7,1976,1228,1324,1324,2,2,
6,1974,1084,1084,1877,2,2,
5,1970,925,1422,1422,1,2,
5,1970,914,914,914,1,1,
4,1961,914,914,914,1,1,
6,2001,1337,1337,1337,2,2,
6,1997,1405,1337,1337,2,2,
6,1973,525,525,1092,1,1,
6,1973,672,672,1218,1,1,
7,1978,1061,1055,1055,2,1,
5,1966,988,988,988,1,1,
9,2006,1790,1816,1816,2,3,
8,2006,1694,1694,1694,2,3,
8,2007,2108,2122,2122,2,3,
9,2007,1934,1943,2656,2,3,
8,2006,1108,1148,2550,2,3,
10,2005,1994,2046,2046,2,3,
9,2007,2552,2552,2552,2,3,
9,2005,1704,1722,2758,2,3,
10,2007,2320,2290,2290,2,3,
8,2007,1582,1582,2152,2,2,
8,2007,918,958,2100,2,3,
9,2006,1802,1802,1802,2,3,
8,2004,1706,1718,2956,2,3,
8,2003,1317,1217,2385,2,3,
8,2007,895,895,1818,2,3,
7,2005,1614,1614,1614,2,3,
8,2005,1721,1721,1721,2,2,
8,2006,1298,1298,1828,2,3,
6,2005,1302,1302,1302,1,2,
6,2005,1302,1302,1302,1,2,
6,2005,1362,1362,1362,2,2,
8,2006,1554,1554,1554,2,2,
9,2005,1577,1577,1577,2,2,
8,2006,1324,1324,1324,2,2,
7,2003,1405,1405,1405,2,2,
6,2007,768,768,1496,3,2,
6,2005,768,768,1536,2,2,
7,2006,608,608,1458,2,2,
6,2006,738,738,1495,2,2,
6,2006,698,698,1746,2,3,
6,2005,1326,1326,1326,2,2,
6,2007,752,752,1504,2,2,
7,2007,728,728,1456,2,2,
7,2007,1246,1258,1258,2,2,
8,2003,1406,1589,1589,2,3,
7,2007,1266,1266,1266,2,2,
7,2004,835,1119,1119,2,2,
7,2004,384,744,1374,2,2,
7,2006,1510,1525,1525,2,2,
7,2003,384,754,1394,2,2,
7,2003,847,847,1948,2,2,
7,2002,854,864,1995,2,2,
6,2000,915,940,1690,2,2,
6,1999,941,961,1644,2,2,
8,1997,1779,1779,2551,2,3,
9,1998,1408,1671,3078,2,3,
8,1998,1389,1411,2582,2,3,
7,1998,1066,1108,2385,2,3,
8,1992,1105,1105,2202,2,2,
8,1996,1325,1335,2538,2,3,
7,2007,1369,1369,1369,2,2,
8,2007,1542,1542,1542,2,3,
8,2006,1524,1534,1534,2,2,
10,2007,1966,1966,1966,2,3,
7,2007,1528,1528,1528,3,2,
8,2005,1538,1538,1538,2,2,
7,2005,1494,1506,1506,2,2,
7,2006,982,982,1977,2,3,
8,2006,1302,1302,1830,2,3,
8,2007,1338,1338,1338,2,2,
7,2006,1335,1335,1335,2,2,
8,2007,896,896,1792,2,2,
5,2007,725,725,1588,3,2,
8,2007,955,955,1880,2,3,
8,2007,1574,1584,1584,2,2,
8,2006,1685,1685,1685,2,3,
6,2004,1158,1158,2443,2,3,
6,2006,1100,1100,1100,1,0,
7,2006,1143,1143,1143,1,0,
5,2003,1094,1094,1094,1,2,
7,2006,1461,1486,1486,2,2,
6,1993,864,920,1820,2,2,
6,1980,630,630,1266,1,1,
5,1977,894,894,894,1,1,
5,1968,1040,1040,1040,1,2,
7,1990,1223,1271,2503,2,2,
5,1974,1037,1037,1037,1,2,
6,1973,1044,1055,1055,1,2,
8,2004,1378,1378,1378,2,2,
8,2006,1141,1151,1151,2,2,
8,2006,1511,1565,1565,2,2,
7,2006,1352,1352,1352,2,2,
8,2006,1550,1550,1550,2,2,
6,1999,744,757,1501,2,2,
6,2000,756,769,1573,2,2,
7,1999,1339,1358,1358,2,2,
8,2003,1054,1072,2048,2,2,
8,1998,1220,1220,2362,2,2,
8,1994,1494,1494,1494,1,2,
7,1980,2002,2362,2362,2,2,
8,1981,2461,2497,2497,2,2,
6,1968,912,1152,1152,1,2,
6,1970,1008,1403,2411,2,2,
6,1969,973,1082,1082,1,2,
6,1968,1295,1295,1295,1,2,
7,1972,1124,1610,1610,2,2,
7,1993,1594,1594,1594,2,2,
7,1993,1148,1091,2075,2,2,
6,1966,1093,1093,1093,2,2,
6,1963,1052,1052,1052,1,1,
5,1967,949,1107,1107,1,1,
4,1964,0,1224,1224,2,3,
5,1956,894,1074,1074,1,2,
5,1961,864,1187,1187,1,2,
5,1961,964,964,964,1,2,
5,1960,894,894,894,1,1,
7,1966,1174,1200,1200,2,2,
6,1965,1042,1042,1042,2,2,
6,1964,845,845,2154,2,2,
6,1964,1130,1374,1374,1,1,
6,1959,1592,1652,1652,1,2,
5,1940,822,908,908,1,2,
3,1946,666,666,666,1,0,
3,1945,370,442,670,1,0,
5,1958,808,808,808,1,1,
5,1955,1078,1150,1150,1,1,
5,1968,1560,1560,1560,2,3,
5,1966,793,1280,1280,2,2,
6,1961,1218,1254,1254,1,2,
6,1957,936,936,936,1,1,
5,1956,1008,1008,1008,1,1,
5,1963,1053,1053,1053,1,2,
5,1960,1144,1144,1144,1,1,
6,1957,1331,1721,1721,1,2,
5,1957,922,922,922,1,1,
5,1955,1204,1411,1411,1,1,
5,1955,1216,1216,1216,1,1,
5,1953,864,1154,1154,1,1,
5,1958,1560,1560,1560,2,2,
6,1952,948,948,948,1,2,
6,1953,1040,1040,1040,1,1,
5,1956,925,925,925,1,1,
4,1955,1190,1040,1540,1,1,
5,1955,923,925,925,1,1,
4,1953,1105,1647,1647,1,1,
5,1952,924,924,924,1,1,
4,1890,925,1000,1544,2,0,
5,1953,1216,1216,1728,1,1,
5,1935,666,1308,3086,3,3,
4,1925,1151,845,1281,2,2,
5,1895,736,751,1534,1,0,
7,1963,725,1035,1651,2,1,
5,1961,920,888,888,1,1,
6,1968,952,952,952,1,1,
5,1950,864,1238,1238,1,1,
5,1959,1040,1040,1040,1,1,
5,1958,1170,1170,1170,1,1,
5,1960,1242,1242,1242,1,1,
5,1960,1377,1377,1377,1,1,
5,1961,0,925,925,1,1,
5,1962,864,864,864,1,1,
5,1962,896,936,936,1,1,
5,1926,850,960,960,1,2,
6,1927,845,866,1296,1,2,
5,1922,1022,1022,1022,1,1,
5,1920,967,967,967,1,1,
5,1940,808,1072,1072,1,2,
5,1900,680,680,1174,1,2,
4,1900,570,761,1141,1,1,
4,1900,1075,1156,1798,2,2,
8,1910,725,909,1772,2,2,
6,1927,728,914,1642,1,1,
5,1910,616,616,1232,1,2,
6,1910,926,991,1650,2,2,
5,1930,687,687,1358,1,1,
7,1879,819,1312,2454,2,2,
4,1956,0,968,968,1,1,
4,1949,0,1382,1382,2,1,
5,1925,756,916,1060,1,1,
5,1950,910,910,1435,1,1,
5,1939,728,728,1274,2,1,
6,1939,600,608,1232,1,1,
5,1939,884,884,884,1,1,
6,1938,861,861,1409,1,2,
5,1939,672,899,1322,1,1,
5,1930,966,1014,1426,1,1,
5,1926,756,903,1281,1,2,
6,1918,1100,1100,2264,2,1,
6,1920,768,752,1376,1,2,
5,1926,750,960,1316,1,2,
7,1929,672,672,1344,1,2,
5,1901,592,933,1173,2,1,
5,1901,969,969,1214,1,1,
6,1963,741,1497,2294,3,2,
7,1950,976,976,1952,1,1,
6,1915,1138,1138,2180,1,2,
4,1958,808,838,1315,2,2,
4,1910,771,866,1484,2,1,
7,1937,1005,1262,2267,1,2,
5,1942,672,778,1282,1,1,
5,1963,925,999,999,1,1,
5,1964,1420,1452,1452,1,2,
4,1964,1005,1005,1005,1,2,
5,1964,980,1020,1020,2,2,
5,1966,1040,1040,1040,1,1,
5,1971,768,868,868,1,2,
5,1968,876,897,897,1,1,
5,1967,943,943,943,1,2,
5,1966,912,912,912,1,1,
5,1956,1240,1375,1375,1,1,
5,1920,671,1567,2654,3,2,
7,1940,680,798,1302,1,1,
6,1954,967,1299,1299,1,2,
5,1958,1158,1176,1176,1,1,
4,1945,0,998,998,1,2,
6,1984,1190,1522,1522,2,2,
5,1948,409,1325,1325,2,2,
5,1953,1073,1630,1630,2,2,
4,1946,484,1242,1242,1,1,
6,1954,1288,2422,2422,3,2,
6,1954,988,988,1626,1,1,
5,1958,864,864,864,1,1,
4,1958,0,943,943,1,1,
5,1984,1038,1038,1038,2,1,
5,1951,1342,1342,1342,1,1,
5,1951,1080,1080,1480,1,1,
4,1920,951,986,1362,2,1,
6,1984,1105,1105,1822,2,2,
7,1994,779,1029,1958,2,2,
8,2007,1643,1651,1651,2,3,
8,2006,2140,2140,2140,2,3,
8,2007,1643,1651,1651,2,3,
7,2005,1546,1546,1546,2,3,
8,2006,1489,1500,1500,2,2,
7,2005,1270,1270,1270,2,2,
7,2005,879,879,1795,2,2,
7,1988,929,946,1873,2,2,
8,1976,966,1743,1743,0,2,
5,1994,1022,1022,1022,1,2,
6,1997,635,646,1308,2,2,
5,1994,990,990,990,1,1,
5,1996,1097,1097,1097,1,1,
7,1999,988,988,1873,2,2,
7,1998,853,853,1753,2,2,
7,2001,845,845,1690,2,2,
7,2000,985,985,1842,2,2,
5,1974,864,894,894,1,2,
5,1976,1015,1025,1025,2,2,
5,1977,995,1009,1009,2,2,
5,1977,1040,1040,1040,1,2,
5,1977,876,907,907,1,1,
5,1975,864,879,879,1,2,
5,1972,864,864,864,1,2,
4,1972,385,875,875,1,2,
7,2000,1673,1673,1673,2,2,
7,2003,979,992,1932,2,2,
7,2002,860,860,1729,2,2,
8,1994,1556,1592,1592,2,2,
8,2001,1531,1531,2439,2,2,
7,1996,860,1212,1992,2,2,
8,1999,1341,1341,1341,1,2,
7,2007,738,738,1476,2,2,
7,2005,1169,1190,1190,2,2,
6,2006,1330,1330,1330,2,2,
7,2006,738,738,1491,2,2,
5,2005,768,768,1536,2,2,
5,1967,936,936,936,1,1,
4,1963,1088,1088,1088,1,2,
5,1925,901,901,1351,1,2,
6,1960,1179,1179,1179,1,2,
6,1976,960,1044,1044,1,2,
5,1979,0,1100,2233,2,2,
5,2005,734,734,1408,2,2,
10,2008,5095,5095,5095,2,3,
6,2005,547,1072,1072,1,2,
5,1959,960,960,960,1,1,
4,1955,0,1152,1152,2,0,
5,1946,1195,1195,1195,2,0,
6,1920,660,740,865,1,1,
4,1955,768,768,768,1,1,
4,1955,864,864,864,1,2,
5,1923,1296,1296,2592,2,0,
5,1926,1290,1422,1422,1,1,
6,1921,651,759,1298,2,1,
7,1930,531,567,1098,1,1,
6,1921,585,851,1436,1,1,
6,1926,686,686,1461,1,1,
7,1927,851,867,1718,2,2,
5,1951,0,1226,1226,1,2,
4,1930,930,1230,1755,2,1,
5,1941,728,760,1355,2,2,
6,1960,1560,1560,1560,1,2,
6,1968,1488,1488,1488,2,2,
6,1980,516,529,1045,1,2,
4,1995,1680,1680,1680,2,2,
8,1988,1004,1020,1020,1,2,
7,1971,1696,1696,1696,2,2,
8,1986,279,2726,2726,2,2,
6,1940,720,720,1215,1,2,
5,1925,936,936,1601,2,0,
5,1923,859,942,1828,2,NA,
5,1922,816,816,816,1,1,
2,1939,0,640,845,1,1,
5,1895,957,1034,1991,2,0,
4,1957,1073,1073,1073,1,2,
5,1930,837,1001,1001,1,1,
8,2006,1573,1625,1625,2,2,
6,1979,1001,1299,1299,2,2,
5,2002,1441,1392,1392,2,3,
7,2002,1409,1409,1409,1,2,
7,1991,1454,1478,1478,2,2,
7,1975,852,918,918,1,1,
6,1974,970,1026,1026,1,2,
7,1987,1501,1501,1501,2,2,
6,1958,585,2279,2279,2,2,
7,2006,1689,1689,1689,2,2,
8,2006,1546,1564,1564,2,2,
7,1985,1265,1240,1240,2,2,
8,2001,1267,1312,1312,2,2,
8,2002,1922,1922,1922,2,3,
6,1996,1491,1491,1491,2,2,
7,2003,1122,1146,2486,3,2,
10,2006,1824,1824,1824,2,3,
3,1953,0,2034,2034,1,4,
6,1996,920,936,936,0,2,
4,1972,546,546,1092,1,1,
4,1970,530,530,992,1,1,
4,1970,546,546,1092,1,0,
4,1976,546,546,1092,1,1,
5,1977,923,1008,1008,1,2,
6,1977,1244,1356,1356,2,2,
5,1977,1160,1676,1676,1,2,
5,1977,716,716,1432,1,2,
5,1971,796,796,796,1,0,
4,1961,1396,1608,1608,1,1,
5,1976,1090,1178,1178,1,2,
5,1983,816,816,816,1,1,
5,1984,864,887,887,1,1,
6,1954,1178,1293,1293,2,2,
6,1956,1008,1024,1024,1,1,
5,1957,1617,1797,1797,1,3,
6,1957,1705,1390,1390,1,2,
7,1969,1851,1851,1851,2,2,
6,1997,813,813,1525,2,2,
6,1995,781,781,1671,2,2,
6,1996,821,821,1776,2,2,
8,2005,1074,1074,2064,2,2,
7,2005,1700,1700,2212,2,3,
8,1994,2062,2079,2687,2,2,
6,1993,1160,1169,1169,2,2,
8,1987,1191,1204,1204,2,2,
9,2005,1398,1414,2798,3,3,
10,2006,1528,1528,3390,3,3,
9,2006,1094,1102,2473,2,3,
10,2006,1850,1850,2698,2,3,
9,2005,1390,1390,2795,3,3,
9,2005,1714,1714,1714,2,2,
9,2005,1910,2000,2000,2,3,
6,1980,988,1102,1102,1,2,
7,1978,945,945,1857,2,2,
7,1976,1047,1083,1083,1,2,
7,2005,960,960,2318,2,2,
6,1975,675,1109,1875,3,2,
6,1974,1103,1103,1103,2,2,
4,1971,864,874,874,1,2,
6,2002,1487,1419,1419,2,2,
6,1973,525,525,1092,1,2,
5,1973,765,765,1365,1,2,
6,1972,494,494,1030,1,1,
6,1972,483,483,948,1,1,
6,1972,525,525,1092,1,1,
6,1975,1069,1069,1069,2,2,
5,1967,943,1387,1387,1,1,
7,1976,1055,1055,1055,2,1,
6,1976,855,855,1456,2,2,
9,2006,1738,1738,2589,2,3,
8,2004,1618,1618,1618,2,3,
7,2006,1721,1740,1740,2,3,
9,2005,1868,1868,1868,2,3,
9,2005,1090,1117,2206,2,3,
9,2005,1606,1625,2091,2,2,
8,2005,1209,1209,2253,2,2,
8,2006,1054,1054,2389,2,3,
8,2005,1524,1544,2358,2,3,
9,2005,1792,1792,1792,2,3,
9,2004,1780,1780,1780,2,3,
8,2004,1420,1426,1914,2,3,
9,2005,1560,1565,1565,2,2,
9,2006,1686,1686,1686,2,3,
9,2006,1666,1666,1666,2,2,
6,2005,728,728,1456,2,2,
7,2006,738,738,1492,2,2,
6,2006,1326,1326,1326,2,2,
8,2004,1052,1052,2373,2,3,
7,2006,738,738,1492,2,2,
7,2006,1220,1364,1364,2,2,
7,2002,1368,1511,1511,2,2,
7,2004,1365,1548,1548,2,2,
7,2005,1142,1142,1142,2,2,
7,2004,848,848,1598,2,2,
6,2000,982,1008,1889,2,2,
7,2006,1035,1082,2322,3,3,
8,1998,1044,1079,1976,2,3,
8,2000,1160,1205,2234,2,3,
9,2000,1540,1540,2855,2,3,
8,1995,1342,1358,2726,2,3,
9,1993,1733,1933,3500,3,3,
8,1994,1290,1305,2494,2,3,
8,1993,1286,1565,2799,2,3,
8,2005,1100,1116,1964,2,2,
8,2006,1670,1670,1670,2,3,
8,2006,1504,1504,1504,2,2,
8,2006,1278,1278,1278,2,2,
9,2006,2036,2036,2640,3,3,
6,2005,858,858,1716,2,2,
6,2005,1142,1142,1142,1,0,
7,2005,1400,1400,1400,2,2,
6,2005,1131,1131,1131,1,0,
7,2005,891,891,1686,2,2,
7,2005,784,831,1585,2,2,
6,1997,941,941,1837,2,2,
6,1992,836,844,1731,2,2,
6,1990,1398,1398,1398,2,2,
6,1991,1217,1217,1217,2,2,
6,1994,636,636,1320,2,2,
5,1962,988,988,988,1,2,
6,1977,0,1286,1654,2,2,
5,1962,864,1211,1211,1,2,
5,1965,984,984,984,1,1,
5,1968,882,909,909,1,1,
5,1963,925,925,925,1,2,
5,1965,1024,1024,1024,1,1,
5,1964,912,912,912,1,0,
5,1967,912,941,941,1,1,
7,1974,1748,2151,2646,2,2,
8,1992,1334,1520,2826,2,3,
7,2004,1143,1143,1143,1,2,
7,2005,600,520,1223,2,2,
6,2000,756,768,1524,2,2,
7,2003,530,530,1080,2,2,
7,1997,569,854,1694,2,1,
8,2001,1568,1568,1568,2,2,
5,1972,1153,1193,1193,2,2,
7,1967,1334,1334,1334,2,2,
5,1968,1051,1051,1051,1,2,
5,1968,900,884,1770,1,2,
6,1968,976,976,976,1,2,
5,1968,833,898,898,1,1,
5,1966,1051,1051,1051,1,1,
5,1967,1141,1141,1141,1,1,
6,1965,1187,1565,1565,2,1,
6,1964,1008,1488,1488,1,2,
5,1964,720,720,1440,1,2,
5,1960,1248,1248,1248,1,1,
6,1934,816,816,816,1,1,
5,1947,938,1043,1043,1,1,
5,1961,1251,1433,1433,1,2,
5,1952,1444,1624,1624,1,1,
5,1951,1056,1216,1216,1,1,
5,1949,704,1024,1728,1,1,
5,1954,936,936,936,1,1,
5,1967,1584,1584,1584,2,2,
6,1964,1246,1246,1246,1,2,
6,1963,1008,1008,1008,1,2,
5,1957,1179,1364,1364,1,1,
6,1958,1121,1336,1336,1,2,
5,1956,1058,1370,1370,1,1,
6,1956,1124,1124,1124,1,1,
6,1954,1050,1050,1050,1,1,
5,1952,1008,1008,1008,1,1,
6,1951,216,1575,1575,1,2,
5,1956,301,1145,1145,1,2,
5,1956,1005,1005,1005,1,1,
5,1955,1056,1056,1056,1,1,
5,1951,884,884,884,1,1,
7,1941,929,2039,2039,1,3,
5,1956,1015,1384,1384,1,2,
5,1925,2171,1392,2640,2,3,
6,1947,784,900,1312,1,2,
3,1930,713,713,713,1,1,
3,1929,715,715,715,1,2,
4,1900,448,448,720,1,1,
6,1915,663,774,1595,2,2,
4,1910,1077,981,1760,1,2,
6,1963,1083,1146,1146,1,1,
6,1962,1135,1207,1207,1,1,
6,1961,1313,1773,1773,2,2,
7,1959,0,1472,1472,2,2,
7,1962,1438,1900,2448,3,2,
4,1950,910,910,1521,1,1,
3,1950,0,1040,1040,2,2,
5,1960,1556,1556,1556,2,0,
5,1961,1150,1150,1150,1,1,
7,1962,1045,1045,1045,1,2,
5,1962,864,864,864,1,1,
5,1962,1025,1025,1025,1,0,
5,1900,716,1007,2014,2,2,
5,1948,1212,1226,1668,1,1,
4,1920,1147,1147,1657,1,1,
6,1900,780,940,1416,1,2,
7,1900,712,848,1428,1,2,
7,1930,502,502,1004,1,1,
4,1900,938,1084,1951,2,2,
6,1924,1032,1032,1032,1,1,
5,1925,844,844,844,1,1,
4,1950,576,864,864,1,1,
3,1905,738,714,1376,1,1,
5,1955,960,960,960,1,2,
5,1924,816,816,1566,1,2,
3,1921,492,492,492,1,1,
6,1945,770,885,1182,1,1,
3,1920,798,840,840,1,1,
7,1910,1226,1226,2104,2,2,
5,1920,624,624,1248,2,0,
5,1958,960,960,960,1,2,
3,1918,1020,1020,1020,1,0,
6,1924,848,1017,1827,1,1,
3,1930,728,728,1162,1,1,
5,1930,741,741,1324,1,1,
5,1925,816,816,816,1,1,
6,1962,1595,1611,2486,2,2,
4,1924,596,834,1430,2,2,
5,1910,396,665,1330,1,1,
5,1919,610,819,819,1,0,
6,1930,984,984,984,1,1,
5,1951,806,1081,1422,1,1,
6,1964,1921,1921,1921,2,2,
5,1950,0,1640,1640,1,2,
5,1935,0,1032,1032,1,1,
5,1936,830,879,879,1,1,
7,2004,1073,1073,1073,2,1,
5,1967,1064,1064,1064,1,2,
6,1964,912,934,934,1,1,
5,1966,1059,1059,1059,1,1,
5,1967,1176,1458,1458,1,2,
6,1978,960,1040,1040,1,2,
5,1977,1967,1967,1967,2,2,
5,1977,1949,1949,1949,2,2,
5,1924,872,872,872,1,1,
7,1967,1865,1830,1830,1,2,
5,1963,1000,1000,1000,1,2,
5,1971,782,810,810,1,2,
7,1980,430,880,1700,2,1,
4,1954,967,1350,1350,1,2,
5,1942,799,799,1150,1,1,
6,1928,672,1337,2009,2,3,
6,1935,1836,1836,3672,3,2,
5,1962,1776,1560,1560,2,2,
5,1952,0,1488,1488,1,2,
5,1955,1057,1057,1057,1,1,
6,1953,1000,1068,1609,1,1,
6,1989,868,1313,2559,2,2,
6,1993,1344,1440,1440,2,4,
7,2005,1308,1308,1876,2,3,
7,2005,1208,1208,1208,2,2,
6,2006,1836,1846,1846,2,2,
8,2005,1570,1590,1590,2,3,
7,2005,945,945,1809,2,2,
7,2005,1614,1614,1614,2,2,
7,2005,784,784,1596,2,2,
6,1968,1388,1388,1388,2,2,
5,1996,1100,1100,1100,1,2,
6,1995,781,795,1499,2,2,
7,1998,1425,1425,1425,2,2,
7,1999,842,856,1749,2,2,
7,1999,951,951,1779,2,2,
6,1977,675,686,1388,1,1,
6,1978,995,1282,1282,2,3,
5,1972,864,864,864,1,1,
7,2002,826,878,1762,2,2,
6,1999,840,840,1755,2,2,
8,2002,1348,1358,1358,1,2,
7,2002,872,872,1909,2,2,
8,1999,1090,1090,2214,2,3,
7,1996,1065,1065,2049,2,2,
7,1998,1054,1070,1939,2,3,
7,1995,930,950,1995,2,2,
6,2003,848,848,848,1,2,
7,2003,1390,1390,1390,2,2,
7,2006,851,851,1737,2,2,
7,2005,784,784,1611,2,2,
7,2005,1336,1336,1336,2,2,
4,1910,676,760,1436,2,2,
6,1975,976,1012,1012,2,0,
5,1969,1176,1176,1176,1,1,
7,2003,796,806,1724,2,2,
6,2002,914,914,914,1,0,
7,2003,1150,1164,2314,2,2,
6,2005,547,1072,1072,1,2,
7,2004,970,970,1709,2,2,
4,1948,624,624,936,1,1,
6,1915,832,846,1338,2,2,
4,1924,1093,1093,1669,1,1,
4,1954,954,1482,1482,2,2,
4,1922,864,964,1414,1,0,
2,1922,498,498,498,1,1,
4,1910,616,1055,1273,1,1,
5,1938,1058,1058,1551,2,1,
6,1945,780,816,1340,1,1,
7,1926,624,743,1479,1,1,
6,1920,755,755,1510,1,1,
7,1919,818,818,1636,1,1,
5,1939,992,992,1465,2,1,
5,1941,824,824,1288,1,1,
6,1920,817,940,1550,1,1,
5,1940,901,1125,1717,1,1,
7,1929,1022,1122,1671,2,2,
7,1932,637,959,1609,1,3,
6,1930,697,1104,1801,1,2,
5,1950,1168,1278,2315,2,1,
5,1942,976,976,976,1,1,
6,1926,861,861,1285,1,2,
4,1925,432,672,672,1,0,
4,1925,641,641,641,1,1,
6,1957,967,967,1638,2,1,
3,1945,0,729,729,1,0,
5,1951,660,1060,1396,2,0,
3,1916,216,576,936,1,0,
8,2005,1573,1778,1778,2,2,
8,2004,1594,1646,1646,2,2,
6,1979,1625,1625,1625,2,2,
6,1978,1664,1664,1664,2,2,
8,2001,1491,1491,1491,2,2,
6,1975,1128,1210,1210,2,2,
6,1958,1632,1650,1650,1,2,
6,2000,1381,1403,1403,2,2,
8,2005,1728,1960,1960,2,3,
9,2005,1838,1838,1838,2,3,
1,1951,0,1600,1600,1,1,
7,1997,1288,1368,1368,2,4,
5,1977,264,616,1304,1,1,
5,1968,864,874,874,1,1,
5,1970,1652,1652,1652,2,3,
4,1970,630,630,630,1,0,
4,1972,546,546,1092,1,1,
5,1969,1104,1360,1360,1,1,
4,1970,546,546,1092,1,1,
4,1970,546,546,1092,1,0,
4,1970,546,546,1092,1,0,
4,1970,546,546,1092,1,1,
5,1960,1224,1224,1224,1,2,
5,1992,912,970,970,1,0,
7,1993,996,996,2000,2,3,